sequence	datasetID	verbatimIdentification
0	planktonset1.0	siphonophore_calycophoran_abylidae
1	zooscan	eudoxie_Abylopsis tetragona
2	zooscan	bract_Abylopsis tetragona
3	zooscan	gonophore_Abylopsis tetragona
4	zooscan	nectophore_Abylopsis tetragona
5	planktoscope	Lithoptera
6	global_uvp5	Acantharea
7	isiisnet	Acantharea
8	planktonset1.0	acantharia_protist
9	planktonset1.0	acantharia_protist_big_center
10	planktonset1.0	acantharia_protist_halo
11	planktoscope	Acantharea
12	planktoscope	Acantharia
13	uvp6net	fuzzy
14	uvp6net	spiky<Acantharia
15	uvp6net	star<Acantharia
16	global_uvp5	like<Acantharea
17	isiisnet	like_Acantharea
18	planktoscope	Acartiidae
19	zoocamnet	Acartiidae
20	zooscan	Acartiidae
21	global_uvp5	Acrocirridae
22	zooscan	Actiniaria
23	planktoscope	Actinommidae
24	lensless	ACTINOSPHAERIUM NUCLEOFILUM
25	global_uvp5	Aegina
26	global_uvp5	Aegina citrea
27	global_uvp5	Aequorea
28	global_uvp5	Aequoreidae
29	global_uvp5	Aglantha
30	global_uvp5	Aglantha digitale
31	planktonset1.0	hydromedusae_aglaura
32	zooscan	Aglaura
33	whoi	Akashiwo
34	medplanktonset	Akashiwo_sanguinea
35	medplanktonset	Alexandrium_spp
36	whoi	amoeba
37	flowcamnet	Acantharia
38	planktoscope	Amphibelone
39	medplanktonset	Amphidinium_spp
40	whoi	Amphidinium_sp
41	global_uvp5	Amphipoda
42	planktonset1.0	amphipods
43	uvp6net	Amphipoda
44	uvp6net	Hyperiidea
45	zoocamnet	Amphipoda
46	zooscan	Amphipoda
47	zooscan	Hyperiidea
48	planktoscope	Amphisolenia
49	planktoscope	Amphorellopsis
50	flowcamnet	Amphorides
51	planktoscope	Amphorides_Tintinnidiidae
52	syke_ifcb_2022	Amylax_triacantha
53	syke_ifcb_2022	Dolichospermum-Anabaenopsis
54	syke_ifcb_2022	Dolichospermum-Anabaenopsis-coiled
55	planktonset1.0	trochophore_larvae
56	global_uvp5	Annelida
57	isiisnet	Annelida
58	zoocamnet	Annelida
59	zooscan	Annelida
60	global_uvp5	larvae<Annelida
61	planktoscope	larvae_Annelida
62	zoocamnet	larvae_Annelida
63	zooscan	larvae_Annelida
64	zooscan	part_Annelida
65	global_uvp5	Anthoathecata
66	global_uvp5	Aphanizomenon
67	syke_ifcb_2022	Aphanizomenon_flosaquae
68	zoolake	aphanizomenon
69	syke_ifcb_2022	Aphanothece_paralleliformis
70	flowcamnet	Appendicularia
71	global_uvp5	Appendicularia
72	global_uvp5	body
73	global_uvp5	house
74	isiisnet	Appendicularia
75	isiisnet	Appendicularia_body
76	isiisnet	house
77	jedioceans	LClass_28.Larvacea
78	jedioceans	LClass_appendicularia
79	jedioceans	LClass_Larvacea
80	medplanktonset	Appendicularia
81	planktonset1.0	appendicularian_s_shape
82	planktonset1.0	appendicularian_slight_curve
83	planktonset1.0	appendicularian_straight
84	planktoscope	Appendicularia
85	uvp6net	Appendicularia
86	uvp6net	dead<house
87	zoocamnet	Appendicularia
88	isiisnet	Appendicularia_like_body
89	planktoscope	head_Appendicularia
90	global_uvp5	tail<Appendicularia
91	planktoscope	tail_Appendicularia
92	zoocamnet	tail_Appendicularia
93	zooscan	tail_Appendicularia
94	lensless	ARCELLA VULGARIS
95	flowcamnet	artefact
96	global_uvp5	artefact
97	planktonset1.0	artifacts
98	planktonset1.0	artifacts_edge
99	planktoscope	artefact
100	uvp6net	artefact
101	zoocamnet	artefact
102	zooscan	artefact
103	flowcamnet	nauplii
104	global_uvp5	Crustacea
105	isiisnet	Crustacea
106	jedioceans	LClass_Cr.Crustacea
107	jedioceans	LClass_Crust.+Decap
108	planktonset1.0	crustacean_other
109	zoocamnet	nauplii_Crustacea
110	zoocamnet	other_Crustacea
111	zooscan	metanauplii_Crustacea
112	zooscan	nauplii_Crustacea
113	global_uvp5	larvae<Crustacea
114	zoocamnet	larvae_Crustacea
115	jedioceans	LClass_crus_doubt
116	flowcamnet	part_Crustacea
117	global_uvp5	part<Crustacea
118	jedioceans	LClass_partCrustaceo
119	planktoscope	part_Crustacea
120	zoocamnet	part_Crustacea
121	zooscan	part_Crustacea
122	jedioceans	LClass_carapace
123	global_uvp5	head<Crustacea
124	global_uvp5	leg<Crustacea
125	global_uvp5	tail<Crustacea
126	zoolake	asplanchna
127	planktoscope	Asterionella
128	zoolake	asterionella
129	planktoscope	Bleakeleya notata
130	planktoscope	Asterionellopsis
131	whoi	Asterionellopsis
132	medplanktonset	Asterionellopsis_cf._glacialis
133	planktoscope	bipinnaria
134	planktonset1.0	echinoderm_larva_seastar_bipinnaria
135	planktonset1.0	echinoderm_larva_seastar_brachiolaria
136	flowcamnet	Asterolamprales
137	planktoscope	Asterolamprales
138	medplanktonset	Asteromphalus_spp
139	medplanktonset	Asteromphalus_sarcophagus
140	zooscan	Atlanta
141	global_uvp5	Atolla
142	global_uvp5	Aulacantha
143	global_uvp5	Aulacanthidae
144	isiisnet	Aulacanthidae
145	uvp6net	Aulacanthidae
146	global_uvp5	Aulographis
147	global_uvp5	Aulatractus
148	global_uvp5	Aulosphaeridae
149	global_uvp5	colonial<Aulosphaeridae
150	uvp6net	Aulatractus
151	uvp6net	Aulosphaeridae
152	global_uvp5	like<colonial
153	medplanktonset	Azadinium_caudatum
154	planktoscope	Bacillaria
155	whoi	Bacillaria
156	planktoscope	cylindrotheca_nitzschia
157	flowcamnet	Bacillariophyceae
158	isiisnet	Bacillariophyceae
159	jedioceans	LClass_Di.Diatom
160	planktonset1.0	diatom_chain_string
161	planktonset1.0	diatom_chain_tube
162	planktoscope	Bacillariophyceae
163	planktoscope	Coscinodiscophycidae
164	planktoscope	frustule
165	whoi	diatom_flagellate
166	zoolake	diatom_chain
167	planktoscope	multiple bacillariophyceae
168	flowcamnet	Bacteriastrum
169	medplanktonset	Bacteriastrum_spp
170	planktoscope	Bacteriastrum_Chaetocerotales
171	planktoscope	Bacteriastrum_Mediophyceae
172	flowcamnet	badfocus
173	global_uvp5	badfocus<artefact
174	jedioceans	LClass_Unfocussed
175	planktoscope	badfocus_artefact
176	planktoscope	badfocus_other
177	zooscan	badfocus
178	global_uvp5	Bassia bassensis
179	zooscan	Bassia
180	syke_ifcb_2022	Beads
181	whoi	bead
182	planktoscope	Bellerochea
183	global_uvp5	Beroe
184	global_uvp5	Beroida
185	planktoscope	Biddulphia
186	whoi	Bidulphia
187	jedioceans	LClass_Bivalvia
188	planktoscope	Bivalvia_Mollusca
189	sykezooscan2024	Bivalvia
190	zoocamnet	Bivalvia
191	zooscan	Bivalvia
192	sykezooscan2024	Bivalvia_multiple
193	planktoscope	Bleakeleya
194	lensless	BLEPHARISMA AMERICANUM
195	whoi	kiteflagellates
196	sykezooscan2024	Bosmina_sp
197	zoolake	bosmina
198	uvp6net	Trachymedusae
199	global_uvp5	Botrynema brucei
200	zoolake	brachionus
201	global_uvp5	Cladocera
202	zoocamnet	cyphonaute
203	zooscan	cyphonaute
204	flowcamnet	bubble
205	global_uvp5	bubble
206	jedioceans	LClass_33.Air_bubble
207	planktoscope	bubble
208	sykezooscan2024	Bubbles
209	whoi	bubble
210	zoocamnet	bubble
211	zooscan	bubble
212	global_uvp5	Bythotiaridae
213	uvp6net	Calanidae
214	zoocamnet	Calanidae
215	zooscan	Calanidae
216	global_uvp5	with-eggs
217	planktonset1.0	copepod_calanoid_eggs
218	flowcamnet	Calanoida
219	planktonset1.0	copepod_calanoid
220	planktonset1.0	copepod_calanoid_flatheads
221	planktonset1.0	copepod_calanoid_frillyAntennae
222	planktonset1.0	copepod_calanoid_large
223	planktonset1.0	copepod_calanoid_large_side_antennatucked
224	planktonset1.0	copepod_calanoid_octomoms
225	planktonset1.0	copepod_calanoid_small_longantennae
226	planktoscope	Calanoida
227	sykezooscan2024	Copepoda_calanoida
228	uvp6net	Calanoida
229	zoocamnet	Calanoida
230	zooscan	Calanoida
231	medplanktonset	Calciopappus_caudatus
232	medplanktonset	Calciosolenia_brasiliensis
233	planktoscope	Callimitra
234	planktoscope	Calocalanus
235	zoocamnet	Calocalanus
236	zooscan	Calocalanus pavo
237	zoocamnet	Candaciidae
238	zooscan	Candaciidae
239	global_uvp5	Cannosphaeridae
240	global_uvp5	colonial<Cannosphaeridae
241	global_uvp5	Castanellidae
242	uvp6net	Thecosomata
243	zooscan	Cavolinia inflexa
244	global_uvp5	Cavoliniidae
245	zoocamnet	Cavoliniidae
246	medplanktonset	Centric_diatoms
247	syke_ifcb_2022	Centrales_sp
248	planktoscope	Centropages
249	planktoscope	Centropagidae
250	zoocamnet	Centropagidae
251	zooscan	Centropagidae
252	global_uvp5	Cephalopoda
253	planktoscope	Cerataulina
254	whoi	Cerataulina
255	whoi	Cerataulina_flagellate
256	whoi	DactFragCerataul
257	medplanktonset	Cerataulina_pelagica
258	whoi	Ceratium
259	zoolake	ceratium
260	flowcamnet	Ceratocorys
261	planktoscope	Ceratocorys
262	planktoscope	Ceratocorys horrida
263	syke_ifcb_2022	Ceratoneis_closterium
264	medplanktonset	Ceratoperidinium_margalefii
265	global_uvp5	Ceriantharia
266	sykezooscan2024	Ceriodaphnia_sp
267	global_uvp5	Cestidae
268	planktonset1.0	ctenophore_cestid
269	flowcamnet	Chaetoceros
270	medplanktonset	Chaetoceros_curvisetus_Chaetoceros_pseudocurvisetus
271	medplanktonset	Chaetoceros_protuberans_Chaetoceros_didymus
272	medplanktonset	Chaetoceros_spp
273	planktoscope	Chaetoceros inter epibiont
274	planktoscope	Chaetoceros_Mediophyceae
275	planktoscope	setae_Chaetoceros
276	whoi	Chaetoceros
277	whoi	Chaetoceros_flagellate
278	whoi	Chaetoceros_other
279	whoi	Chaetoceros_pennate
280	syke_ifcb_2022	Chaetoceros_sp
281	syke_ifcb_2022	Chaetoceros_sp_single
282	planktoscope	Chaetoceros affinis
283	medplanktonset	Chaetoceros_anastomonsans
284	planktoscope	Chaetoceros dadayi
285	medplanktonset	Chaetoceros_danicus
286	planktoscope	Chaetoceros danicus
287	medplanktonset	Chaetoceros_decipiens
288	whoi	Chaetoceros_didymus
289	whoi	Chaetoceros_didymus_flagellate
290	medplanktonset	Chaetoceros_diversus
291	flowcamnet	Chaetoceros peruvianus
292	medplanktonset	Chaetoceros_peruvianus
293	planktoscope	Chaetoceros peruvianus
294	medplanktonset	Chaetoceros_socialis
295	medplanktonset	Chaetoceros_tortissimus
296	global_uvp5	Chaetognatha
297	isiisnet	Chaetognatha
298	jedioceans	LClass_26.Chaetognatha
299	jedioceans	LClass_chaetognata
300	jedioceans	LClass_Chaetognatha
301	planktonset1.0	chaetognath_non_sagitta
302	planktonset1.0	chaetognath_other
303	planktoscope	Chaetognatha
304	uvp6net	Chaetognatha
305	zoocamnet	Chaetognatha
306	zooscan	Chaetognatha
307	global_uvp5	head<Chaetognatha
308	zooscan	head_Chaetognatha
309	global_uvp5	tail<Chaetognatha
310	zooscan	tail_Chaetognatha
311	planktoscope	Challengeron
312	zoolake	chaoborus
313	syke_ifcb_2022	Chlorococcales
314	whoi	clusterflagellate
315	whoi	flagellate_sp3
316	zoocamnet	egg_Actinopterygii
317	zooscan	egg_Actinopterygii
318	global_uvp5	Actinopterygii
319	global_uvp5	Gnathostomata
320	global_uvp5	Tunicata
321	isiisnet	Actinopterygii
322	jedioceans	LClass_32.1Adult_Fish
323	jedioceans	LClass_fish_lavae
324	planktonset1.0	chordate_type1
325	uvp6net	Actinopterygii
326	zoocamnet	Actinopterygii
327	zoolake	fish
328	zooscan	Actinopterygii
329	jedioceans	LClass_Fish_larvae
330	planktonset1.0	tunicate_partial
331	flowcamnet	Tintinnina
332	jedioceans	LClass_Tintinnida
333	medplanktonset	Dictyocysta_spp._Codonaria_spp
334	medplanktonset	Tintinnids
335	planktoscope	Tintinnina
336	flowcamnet	Retaria
337	global_uvp5	ball with spines
338	global_uvp5	elongated star with ball
339	global_uvp5	nucleus with four arms
340	global_uvp5	protist with spike
341	global_uvp5	Rhizaria
342	global_uvp5	rhizaria temporary
343	global_uvp5	star with ball
344	isiisnet	Rhizaria
345	jedioceans	LClass_30.Benthic_algae
346	jedioceans	LClass_30.Bentic_algae
347	jedioceans	LClass_Benthic_algae
348	jedioceans	LClass_bentic_algae
349	jedioceans	LClass_rhizaria_other
350	jedioceans	LClass_Rhizaria_others
351	planktonset1.0	protist_dark_center
352	planktonset1.0	protist_fuzzy_olive
353	planktonset1.0	protist_other
354	planktonset1.0	protist_star
355	planktoscope	Rhizaria
356	uvp6net	Rhizaria
357	zoocamnet	Rhizaria
358	zooscan	Harosa
359	global_uvp5	rhizaria like
360	uvp6net	like<Rhizaria
361	global_uvp5	double sphere
362	global_uvp5	double spike
363	global_uvp5	hairy capsule
364	global_uvp5	spiky caps
365	syke_ifcb_2022	Chroococcales
366	syke_ifcb_2022	Chroococcus_small
367	whoi	Chrysochromulina
368	medplanktonset	Chrysochromulina_lanceolata
369	medplanktonset	Chrysochromulina_parkeae
370	flowcamnet	Ciliophora
371	jedioceans	LClass_cilliate
372	medplanktonset	Ciliates
373	planktoscope	Ciliophora
374	syke_ifcb_2022	Ciliata
375	whoi	Ciliate_mix
376	flowcamnet	part_Ciliophora
377	global_uvp5	Circoporidae
378	zoocamnet	Cladocera
379	flowcamnet	Cladopyxis
380	planktoscope	Cladopyxis
381	medplanktonset	Cladopyxis_cf._brachiolata
382	planktoscope	Climacocylis
383	flowcamnet	Climacodium
384	planktoscope	Climacodium
385	flowcamnet	Climacodium inter. Crocosphaera
386	planktoscope	Climacosphenia
387	zooscan	Creseidae
388	global_uvp5	egg unkn temp<Sardina temp
389	zoocamnet	egg_Engraudilae
390	zoocamnet	egg_Sardina
391	global_uvp5	Cnidaria<Hydrozoa
392	global_uvp5	Cnidaria<Metazoa
393	isiisnet	Cnidaria
394	jedioceans	LClass_31.Polyp
395	jedioceans	LClass_cnidaria
396	jedioceans	LClass_Polyp
397	zoocamnet	Cnidaria
398	global_uvp5	part<Cnidaria
399	isiisnet	part_Cnidaria
400	zooscan	part_Cnidaria
401	global_uvp5	tentacle<Cnidaria
402	planktonset1.0	jellies_tentacles
403	planktoscope	Coccodiscidae
404	whoi	Cochlodinium
405	flowcamnet	Codonaria
406	planktoscope	Codonaria
407	planktoscope	Codonella
408	planktoscope	Codonella amphorella
409	planktoscope	Codonellopsis_Tintinnidiidae
410	flowcamnet	Codonellopsis
411	planktoscope	Codonellopsis orthoceras
412	global_uvp5	Coelodendridae
413	global_uvp5	Coelographis
414	uvp6net	Coelodendridae
415	uvp6net	spiky<Coelodendridae
416	global_uvp5	leg<Coelodendridae
417	global_uvp5	Coelodendrum
418	planktoscope	Collozoum
419	zoolake	conochilus
420	global_uvp5	copepoda eggs
421	medplanktonset	Copepod_eggs
422	uvp6net	copepoda_eggs
423	flowcamnet	Copepoda
424	global_uvp5	badfocus<Copepoda
425	global_uvp5	Copepoda
426	global_uvp5	Copepoda X
427	global_uvp5	nauplii
428	global_uvp5	ovigerous
429	global_uvp5	side
430	global_uvp5	top-bottom
431	isiisnet	Copepoda
432	jedioceans	LClass_CC.Copepod
433	medplanktonset	Copepod_copepodites
434	medplanktonset	Copepod_nauplii
435	planktonset1.0	copepod_other
436	planktoscope	Copepoda_Maxillopoda
437	planktoscope	copepoda-cut
438	planktoscope	nauplii_Copepoda
439	uvp6net	Copepoda
440	zoocamnet	Copepoda
441	zoocamnet	empty_Copepoda
442	global_uvp5	like<Copepoda
443	isiisnet	like_Copepoda
444	uvp6net	like<Copepoda
445	zoocamnet	multiple_Copepoda
446	zoolake	copepod_skins
447	planktonset1.0	copepod_cyclopoid_copilia
448	zooscan	Copilia
449	planktoscope	Corethron
450	whoi	Corethron
451	global_uvp5	Coronatae
452	planktoscope	Corycaeidae
453	zoocamnet	Corycaeidae
454	zooscan	Corycaeidae
455	planktoscope	Corythodinium
456	medplanktonset	Corythodinium_constrictum
457	planktoscope	Corythodinium constrictum
458	medplanktonset	Corythodinium_milneri
459	planktoscope	Corythodinium tesselatum
460	flowcamnet	Coscinodiscaceae
461	global_uvp5	Coscinodiscus
462	whoi	Coscinodiscus
463	zooscan	Coscinodiscus
464	global_uvp5	Creseidae
465	uvp6net	Creseis acicula
466	zooscan	Creseidae acicula
467	jedioceans	LClass_Crinoidea
468	syke_ifcb_2022	Cryptomonadales
469	medplanktonset	Cryptophyceae
470	planktoscope	cristal
471	uvp6net	crystal
472	global_uvp5	Ctenocalanus
473	global_uvp5	Ctenophora
474	global_uvp5	Ctenophora XX
475	isiisnet	Ctenophora
476	uvp6net	Ctenophora
477	zoocamnet	comb_Ctenophora
478	zoocamnet	Ctenophora
479	zooscan	Ctenophora
480	planktoscope	part_Ctenophora
481	global_uvp5	tentacle<Ctenophora
482	global_uvp5	Cubozoa
483	zooscan	Cumacea
484	flowcamnet	cyano a
485	flowcamnet	cyano b
486	planktoscope	Cyanobacteria_Bacteria
487	syke_ifcb_2022	Heterocyte
488	flowcamnet	UCYNA like
489	zoolake	filament
490	zoolake	maybe_cyano
491	sykezooscan2024	Copepoda_cyclopoida
492	zoocamnet	Cyclopoida
493	zoocamnet	Poecilostomatoida
494	sykezooscan2024	Copepoda_nauplius
495	zoolake	cyclops
496	zoolake	nauplius
497	syke_ifcb_2022	Cyclotella_choctawhatcheeana
498	planktonset1.0	ctenophore_cydippid_no_tentacles
499	planktonset1.0	ctenophore_cydippid_tentacles
500	whoi	Cylindrotheca
501	medplanktonset	Cylindrotheca_closterium-like
502	syke_ifcb_2022	Cymbomonas_tetramitiformis
503	zooscan	Cymbulia peroni
504	planktoscope	Cyttarocylis
505	flowcamnet	Dactyliosolen
506	whoi	Dactyliosolen
507	medplanktonset	Dactyliosolen_blavyanus
508	medplanktonset	Dactyliosolen_fragilissimus
509	planktoscope	Dadayiella
510	sykezooscan2024	Daphnia_sp
511	zoolake	daphnia
512	zoolake	daphnia_skins
513	global_uvp5	Decapoda
514	global_uvp5	megalopa
515	jedioceans	LClass_Cr.16.Decapoda
516	planktonset1.0	decapods
517	planktonset1.0	shrimp_caridean
518	planktonset1.0	shrimp_zoea
519	planktoscope	zoea_Decapoda
520	zoocamnet	Decapoda
521	zoocamnet	megalopa
522	zoocamnet	zoea_brachyura
523	zooscan	megalopa
524	zooscan	zoea_Brachyura
525	planktonset1.0	shrimp-like_other
526	whoi	Delphineis
527	flowcamnet	detritus
528	global_uvp5	dark<detritus
529	global_uvp5	detritus
530	global_uvp5	fluffy<detritus
531	global_uvp5	light<detritus
532	global_uvp5	sphere<detritus
533	isiisnet	detritus
534	jedioceans	LClass_Detritus
535	jedioceans	LClass_Detritus_dot
536	jedioceans	LClass_Detritus_stickers
537	planktonset1.0	detritus_blob
538	planktonset1.0	detritus_filamentous
539	planktonset1.0	detritus_other
540	planktoscope	dark_detritus
541	planktoscope	detritus
542	planktoscope	fiber_detritus
543	planktoscope	light_detritus
544	planktoscope	sphere_detritus
545	uvp6net	detritus
546	whoi	detritus
547	zoocamnet	detritus
548	zoocamnet	light_detritus
549	zoocamnet	medium_detritus
550	zooscan	detritus
551	zoolake	diaphanosoma
552	flowcamnet	chainlarge
553	flowcamnet	chainthin
554	global_uvp5	Diatoma
555	zoocamnet	chainlarge
556	zoocamnet	Diatoma
557	zoocamnet	Diatoma tenuis
558	planktoscope	Dictyocha
559	whoi	Dictyocha
560	medplanktonset	Dictyocha_fibula
561	flowcamnet	Dictyocysta
562	planktoscope	Dictyocysta
563	whoi	Didinium_sp
564	lensless	DIDINIUM NASUTUM
565	lensless	DILEPTUS
566	planktoscope	Dinobryon
567	whoi	Dinobryon
568	zoolake	dinobryon
569	medplanktonset	Dinobryon_coalescens
570	flowcamnet	polar_view
571	global_uvp5	Dinophyceae
572	jedioceans	LClass_dinoflagelate
573	jedioceans	LClass_Dinoflagellate
574	medplanktonset	Naked_dinoflagellates
575	planktoscope	Dinophyceae
576	planktoscope	polar view
577	syke_ifcb_2022	Dinophyceae
578	whoi	dino_large1
579	whoi	dino30
580	whoi	Katodinium_or_Torodinium
581	medplanktonset	Ornithocercus_spp._Histioneis_spp
582	flowcamnet	Dinophysis
583	medplanktonset	Dinophysis_spp
584	planktoscope	Dinophysis
585	whoi	Dinophysis
586	syke_ifcb_2022	Dinophysis_acuminata
587	medplanktonset	Dinophysis_caudata
588	planktoscope	Dinophysis caudata_Dinophysis
589	medplanktonset	Dinophysis_parva
590	medplanktonset	Dinophysis_sacculus
591	medplanktonset	Dinophysis_tripos
592	planktoscope	Dinophysis tripos
593	zoocamnet	bract_Diphyidae
594	zoocamnet	eudoxie_Diphyidae
595	zoocamnet	gonophore_Diphyidae
596	zoocamnet	nectophore_Diphyidae
597	zooscan	bract_Diphyidae
598	zooscan	eudoxie_Diphyidae
599	zooscan	gonophore_Diphyidae
600	zooscan	nectophore_Diphyidae
601	zoolake	dirt
602	medplanktonset	Discosphaera_tubifera
603	global_uvp5	Metazoa
604	global_uvp5	Trochophora
605	flowcamnet	Ditylum
606	planktoscope	Ditylum
607	whoi	Ditylum
608	whoi	Ditylum_parasite
609	flowcamnet	part_Ditylum
610	global_uvp5	Dolichospermum
611	global_uvp5	Doliolida
612	isiisnet	Doliolida
613	planktonset1.0	tunicate_doliolid
614	planktonset1.0	tunicate_doliolid_nurse
615	planktoscope	Doliolida
616	zoocamnet	Doliolida
617	zooscan	Doliolida
618	global_uvp5	Echidnophaga
619	global_uvp5	Echinodermata
620	global_uvp5	pluteus
621	jedioceans	LClass_Pluteos
622	jedioceans	LClass_pluteus
623	uvp6net	Echinodermata
624	zoocamnet	pluteus_Echinodermata
625	jedioceans	LClass_pluteus_larvae
626	planktonset1.0	echinoderm_larva_pluteus_early
627	planktonset1.0	echinoderm_larva_pluteus_typeC
628	zoocamnet	larvae_Echinodermata
629	zooscan	larvae_Echinodermata
630	planktonset1.0	echinopluteus
631	planktoscope	echinopluteus
632	zooscan	pluteus_Echinoidea
633	planktonset1.0	echinoderm_larva_pluteus_urchin
634	flowcamnet	other_egg
635	global_uvp5	egg
636	global_uvp5	like<egg
637	jedioceans	LClass_egg
638	jedioceans	LClass_eggs
639	planktoscope	egg sac_egg
640	planktoscope	egg_other
641	sykezooscan2024	Eggs
642	zoocamnet	egg_other
643	zooscan	other_egg
644	global_uvp5	elongated stick
645	global_uvp5	egg unkn temp<Engraulidae temp
646	global_uvp5	egg 1 temp
647	global_uvp5	Enteropneusta
648	global_uvp5	tornaria larvae
649	jedioceans	LClass_enteropneusta_larvae
650	planktonset1.0	tornaria_acorn_worm_larvae
651	planktoscope	Entomoneis
652	whoi	Ephemera
653	planktoscope	Epicancella
654	flowcamnet	Cyttarocylididae
655	planktoscope	Epiplocylis
656	global_uvp5	double
657	global_uvp5	duplicate
658	planktoscope	Ethmodiscus gazellae
659	global_uvp5	Eucalanidae
660	zooscan	Eucalanidae
661	planktonset1.0	copepod_calanoid_eucalanus
662	planktoscope	Eucampia
663	whoi	Eucampia
664	medplanktonset	Eucampia_cornuta
665	zoocamnet	Euchaeta
666	zooscan	Euchaetidae
667	zoolake	eudiaptomus
668	whoi	Euglena
669	medplanktonset	Euglenophyceae
670	syke_ifcb_2022	Euglenophyceae
671	global_uvp5	Eukaryota
672	global_uvp5	Eukrohnia
673	global_uvp5	Euphausiacea
674	planktonset1.0	euphausiids
675	planktonset1.0	euphausiids_young
676	zooscan	calyptopsis
677	planktoscope	Euphysetta
678	whoi	Euplotes_sp
679	lensless	EUPLOTES EURYSTOMUS
680	zooscan	Isopoda
681	global_uvp5	Eurypharynx pelecanoides
682	planktoscope	Euterpina
683	zoocamnet	Euterpina
684	zooscan	Harpacticoida
685	flowcamnet	Eutintinnus
686	planktoscope	Eutintinnus
687	syke_ifcb_2022	Eutreptiella_sp
688	planktoscope	Evadne
689	sykezooscan2024	Evadne_sp
690	zoocamnet	Evadne
691	zooscan	Evadne
692	planktoscope	Favella
693	global_uvp5	fecal pellets
694	global_uvp5	feces
695	jedioceans	LClass_Pa.36.Fecal_pellets
696	jedioceans	LClass_Pa.36.Fecal_pellets_New
697	planktonset1.0	fecal_pellet
698	planktoscope	fecal pellets
699	zoocamnet	feces
700	flowcamnet	fiber
701	global_uvp5	fiber
702	global_uvp5	fluffy<fiber
703	sykezooscan2024	Fibers_etc
704	uvp6net	fiber
705	zoocamnet	fiber_detritus
706	zooscan	fiber
707	global_uvp5	filament
708	uvp6net	filament
709	sykezooscan2024	Fish_eggs
710	global_uvp5	Flota
711	global_uvp5	Flota sp.
712	flowcamnet	Foraminifera
713	global_uvp5	Foraminifera
714	jedioceans	LClass_foraminifera
715	jedioceans	LClass_Foraminiferida
716	planktoscope	Foraminifera
717	uvp6net	Foraminifera
718	zoolake	fragilaria
719	planktoscope	Fragilariaceae
720	flowcamnet	Fragilariopsis
721	global_uvp5	Fritillaria
722	planktonset1.0	appendicularian_fritillaridae
723	planktoscope	Fritillariidae
724	zooscan	Fritillariidae
725	global_uvp5	Galatheidae
726	zooscan	zoea_Galatheidae
727	jedioceans	LClass_gastropoda
728	planktoscope	Gastropoda_Mollusca
729	sykezooscan2024	Gastropoda
730	zoocamnet	Gastropoda
731	planktoscope	larvae_Gastropoda
732	whoi	Emiliania_huxleyi
733	zooscan	Foraminifera
734	flowcamnet	Dinophyceae
735	medplanktonset	Gonyaulax_spp
736	whoi	Gonyaulax
737	medplanktonset	Gonyaulax_polygramma
738	syke_ifcb_2022	Gonyaulax_verior
739	planktoscope	Gossleriella
740	global_uvp5	Pleuroncodes
741	flowcamnet	Guinardia
742	whoi	Guinardia_delicatula
743	whoi	G_delicatula_external_parasite
744	whoi	G_delicatula_parasite
745	whoi	G_delicatula_detritus
746	medplanktonset	Guinardia_flaccida
747	planktoscope	Guinardia flaccida
748	whoi	Guinardia_flaccida
749	whoi	Guinardia_striata
750	flowcamnet	Gymnodiniales
751	syke_ifcb_2022	Gymnodiniales
752	syke_ifcb_2022	Gymnodinium_like
753	medplanktonset	Gyrodinium_spirale_Gyrodinium_fusiforme
754	planktoscope	Gyrodinium
755	whoi	Gyrodinium
756	jedioceans	LClass_Halacaridae
757	global_uvp5	Halicreas
758	global_uvp5	Halicreas minimum
759	global_uvp5	Halicreatidae
760	planktonset1.0	hydromedusae_haliscera
761	planktonset1.0	hydromedusae_haliscera_small_sideview
762	zooscan	Haloptilus
763	planktoscope	Halosphaera
764	zoocamnet	Halosphaera
765	global_uvp5	Harpacticoida
766	isiisnet	Harpacticoida
767	planktoscope	Harpacticoida
768	sykezooscan2024	Harpacticoida
769	zoocamnet	empty_Harpacticoida
770	zoocamnet	Harpacticoida
771	medplanktonset	Haslea_silbo
772	medplanktonset	Helicotheca_tamesis
773	planktoscope	Helicotheca tamesis
774	global_uvp5	helix
775	global_uvp5	Helix aspersa
776	flowcamnet	Hemiaulus
777	medplanktonset	Hemiaulus_hauckii_Hemiaulus_sinensis
778	planktoscope	Hemiaulus
779	whoi	Hemiaulus
780	planktoscope	Hemidiscus
781	medplanktonset	Heterocapsa_niei-like
782	syke_ifcb_2022	Heterocapsa_rotundata
783	syke_ifcb_2022	Heterocapsa_triquetra
784	zooscan	Heterorhabdidae
785	global_uvp5	Chaeteessa
786	zooscan	Insecta
787	zooscan	nectophore_Hippopodiidae
788	planktonset1.0	echinoderm_seacucumber_auricularia_larva
789	zoolake	hydra
790	global_uvp5	actinula
791	global_uvp5	Hydrozoa
792	jedioceans	LClass_27.Hydrozoa
793	planktonset1.0	hydromedusae_bell_and_tentacles
794	planktonset1.0	hydromedusae_h15
795	planktonset1.0	hydromedusae_other
796	planktonset1.0	hydromedusae_shapeA
797	planktonset1.0	hydromedusae_shapeA_sideview_small
798	planktonset1.0	hydromedusae_shapeB
799	planktonset1.0	hydromedusae_sideview_big
800	planktonset1.0	hydromedusae_typeD
801	planktonset1.0	hydromedusae_typeD_bell_and_tentacles
802	planktonset1.0	hydromedusae_typeE
803	planktonset1.0	hydromedusae_typeF
804	uvp6net	other<Cnidaria
805	uvp6net	small<Cnidaria
806	zoocamnet	Hydrozoa
807	zooscan	Hydrozoa
808	planktonset1.0	hydromedusae_partial_dark
809	planktonset1.0	invertebrate_larvae_other_A
810	planktonset1.0	invertebrate_larvae_other_B
811	zoocamnet	Isias
812	planktoscope	Isthmia
813	medplanktonset	Kapelodinium_vestifici
814	medplanktonset	Karenia_spp
815	whoi	Karenia
816	medplanktonset	Karenia_papilionacea
817	syke_ifcb_2022	Katablepharis_remigera
818	flowcamnet	Katagnymene spiralis
819	zoolake	kellicottia
820	zoolake	keratella_cochlearis
821	zoolake	keratella_quadrata
822	whoi	Heterocapsa_triquetra
823	whoi	Laboea_strobila
824	planktoscope	Lauderia
825	whoi	Lauderia
826	medplanktonset	Lauderia_annulata
827	whoi	Leegaardiella_ovalis
828	planktoscope	Leprotintinnus
829	planktonset1.0	fish_larvae_leptocephali
830	medplanktonset	Leptocylindrus_spp
831	planktoscope	Leptocylindrus
832	whoi	Leptocylindrus
833	planktoscope	Leptocylindrus mediterraneus
834	whoi	Leptocylindrus_mediterraneus
835	zoolake	leptodora
836	global_uvp5	Leptothecata
837	medplanktonset	Licmophora_spp
838	planktoscope	Licmophora
839	syke_ifcb_2022	Licmophora_sp
840	whoi	Licmophora
841	global_uvp5	Limacina
842	global_uvp5	Limacina helicina
843	global_uvp5	Limacinidae
844	zoocamnet	Limacinidae
845	zooscan	Limacinidae
846	global_uvp5	like<Limacinidae
847	planktoscope	Lioloma
848	medplanktonset	Lioloma_pacificum
849	planktonset1.0	hydromedusae_liriope
850	zooscan	Liriope
851	planktoscope	Lithodesmium
852	medplanktonset	Lithodesmium_variabile
853	global_uvp5	Pterotracheoidea
854	planktonset1.0	heteropod
855	global_uvp5	Lobata
856	planktonset1.0	ctenophore_lobate
857	global_uvp5	Luciferidae
858	zooscan	larvae_Luciferidae
859	zoocamnet	Luidiidae
860	global_uvp5	Eumalacostraca
861	isiisnet	Eumalacostraca
862	uvp6net	Eumalacostraca
863	zooscan	Eumalacostraca
864	zoocamnet	shrimp_like
865	jedioceans	LClass_Pa.35.Marine_snow
866	jedioceans	LClass_Pa.35.Marine_snow_aggregate_large
867	jedioceans	LClass_Pa.35.Marine_snow_aggregate_medium
868	jedioceans	LClass_Pa.35.Marine_snow_aggregate_small
869	jedioceans	LClass_Pa.35.Marine_snow_com_large
870	jedioceans	LClass_Pa.35.Marine_snow_com_medium
871	jedioceans	LClass_Pa.35.Marine_snow_com_small
872	jedioceans	LClass_Pa.35.Marine_snow_stick
873	planktoscope	Mastogloia
874	planktoscope	Mediopyxis
875	global_uvp5	Medusettidae
876	global_uvp5	Melosira
877	syke_ifcb_2022	Melosira_arctica
878	flowcamnet	Melosiraceae
879	medplanktonset	Meringosphaera_mediterranea
880	syke_ifcb_2022	Merismopedia_sp
881	medplanktonset	Mesodinium_spp
882	whoi	Mesodinium_sp
883	syke_ifcb_2022	Mesodinium_rubrum
884	flowcamnet	Metacylis
885	zoocamnet	Metrinidae
886	planktoscope	Microsetella
887	zoocamnet	Microstella
888	jedioceans	LClass_Pa.39.Mineral
889	jedioceans	LClass_Pa.Mineral
890	global_uvp5	multiple organisms
891	jedioceans	LClass_multiple
892	jedioceans	LClass_Multiple_organisms
893	global_uvp5	light aggregates
894	whoi	mix
895	whoi	mix_elongated
896	zoocamnet	egg_Mollusca
897	zooscan	egg_Mollusca
898	global_uvp5	Mollusca
899	global_uvp5	veliger
900	isiisnet	Mollusca
901	jedioceans	LClass_Mollusca
902	planktoscope	veliger_Mollusca
903	zoocamnet	veliger
904	zooscan	part_Mollusca
905	global_uvp5	molt
906	planktoscope	molt
907	syke_ifcb_2022	Monoraphidium_contortum
908	zooscan	other_living
909	planktoscope	moving
910	global_uvp5	Munnopsinae
911	global_uvp5	Munnopsis
912	planktonset1.0	fish_larvae_myctophids
913	zooscan	Mysida
914	zooscan	protozoea_Eumalacostraca
915	zooscan	larvae_Mysida
916	sykezooscan2024	Mysis_sp
917	zoocamnet	Nannosquillidae
918	global_uvp5	Narcomedusae
919	planktonset1.0	hydromedusae_narco_dark
920	planktonset1.0	hydromedusae_narco_young
921	planktonset1.0	hydromedusae_narcomedusae
922	uvp6net	Narcomedusae
923	flowcamnet	Nassellaria
924	global_uvp5	Collodaria
925	global_uvp5	colonial<Collodaria
926	global_uvp5	solitaryblack
927	global_uvp5	solitaryglobule
928	isiisnet	colonial_colodaria
929	isiisnet	solitaryblack
930	planktoscope	Cystidium
931	planktoscope	Nassellaria_Polycystinea
932	uvp6net	cloud
933	uvp6net	Collodaria
934	uvp6net	solitaryblack
935	uvp6net	solitaryglobule
936	planktoscope	Naviculales
937	planktoscope	Nematoda
938	medplanktonset	Neobrightwellia_alternans
939	planktoscope	Neocalyptrella
940	flowcamnet	Neoceratium
941	planktoscope	Neoceratium
942	zoocamnet	Neoceratium
943	planktoscope	neoceratium gibberum concilians mix
944	planktoscope	part_Neoceratium
945	planktoscope	Eucampia cornuta
946	flowcamnet	Nitzschia
947	syke_ifcb_2022	Nitzschia_paleacea
948	jedioceans	LClass_Noctiluca_eggs
949	global_uvp5	Noctiluca sp.
950	planktonset1.0	protist_noctiluca
951	zoocamnet	Noctiluca
952	zooscan	Noctiluca
953	jedioceans	LClass_Df.03.Noctiluca_scintillans
954	global_uvp5	Nodularia
955	syke_ifcb_2022	Nodularia_spumigena
956	global_uvp5	Nudibranchia
957	zoocamnet	Obelia
958	zooscan	Obelia
959	planktoscope	Octactis
960	medplanktonset	Octactis_octonaria
961	flowcamnet	Odontella
962	planktoscope	Odontella_Mediophyceae
963	whoi	Odontella
964	flowcamnet	part_Odontella
965	planktoscope	Odontella mobiliensis
966	planktoscope	Odontella sinensis_Odontella
967	planktoscope	Oikopleuridae
968	zooscan	Oikopleuridae
969	zooscan	trunk_Appendicularia
970	planktonset1.0	copepod_cyclopoid_oithona_eggs
971	global_uvp5	Oithona
972	planktonset1.0	copepod_cyclopoid_oithona
973	flowcamnet	Oithonidae
974	planktoscope	Oithonidae
975	zooscan	Oithonidae
976	global_uvp5	Olindiidae
977	medplanktonset	Oltmannsiellopsis_viridis
978	zoocamnet	Oncaea
979	flowcamnet	Oncaeidae
980	planktoscope	Oncaeidae
981	zooscan	Oncaeidae
982	syke_ifcb_2022	Oocystis_sp
983	medplanktonset	Ophiaster_spp
984	planktoscope	ophiopluteus
985	zooscan	pluteus_Ophiuroidea
986	planktonset1.0	echinoderm_larva_pluteus_brittlestar
987	planktoscope	Ornithocercus
988	flowcamnet	Ornithocercus
989	planktoscope	Ornithocercus magnificus_Ornithocercus
990	planktoscope	Ornithocercus quadratus_Ornithocercus
991	planktoscope	Ornithocercus splendidus
992	planktoscope	Ornithocercus steinii
993	syke_ifcb_2022	Oscillatoriales
994	global_uvp5	Ostracoda
995	planktoscope	Ostracoda
996	uvp6net	Ostracoda
997	zooscan	Ostracoda
998	global_uvp5	like<Ostracoda
999	flowcamnet	other_living
1000	global_uvp5	living
1001	global_uvp5	other<living
1002	isiisnet	other_living
1003	planktoscope	other_living
1004	uvp6net	other<living
1005	zoocamnet	other_living
1006	global_uvp5	part<other
1007	jedioceans	LClass_organism_border
1008	jedioceans	LClass_Organism_parts_general
1009	global_uvp5	tentacle<gelatinous
1010	flowcamnet	dark
1011	flowcamnet	light
1012	global_uvp5	caps with filament
1013	global_uvp5	compact
1014	global_uvp5	dark<fluffy
1015	global_uvp5	darkrods
1016	global_uvp5	gelatinous
1017	global_uvp5	light<fluffy
1018	global_uvp5	othertocheck
1019	global_uvp5	temp cross
1020	global_uvp5	turbid
1021	isiisnet	streak
1022	jedioceans	LClass_Pa.Other_exuviae
1023	jedioceans	LRaw
1024	planktoscope	aggregates
1025	planktoscope	dry
1026	planktoscope	ghost
1027	planktoscope	multiple_other
1028	planktoscope	othertocheck
1029	planktoscope	rods_othertocheck
1030	whoi	bad
1031	whoi	other_interaction
1032	zoocamnet	gelatinous
1033	zoocamnet	other_plastic
1034	flowcamnet	Oxytoxum
1035	medplanktonset	Oxytoxum_spp
1036	planktoscope	Oxytoxum
1037	medplanktonset	Oxytoxum_cf._caudatum
1038	medplanktonset	Oxytoxum_cf._scolopax
1039	medplanktonset	Oxytoxum_cf._variabile
1040	zoolake	paradileptus
1041	planktoscope	Parafavella
1042	whoi	Paralia
1043	lensless	PARAMECIUM  BURSARIA
1044	planktoscope	Parundella_Xystonellidae
1045	whoi	Parvicorbicula_socialis
1046	syke_ifcb_2022	Pauliella_taeniata
1047	planktoscope	Pediastrum
1048	zooscan	protozoea_Penaeidae
1049	planktoscope	Penilia
1050	zoocamnet	Penilia
1051	zooscan	Penilia
1052	flowcamnet	pennate
1053	medplanktonset	Pennate_diatoms
1054	syke_ifcb_2022	Pennales_sp_thick
1055	syke_ifcb_2022	Pennales_sp_thin
1056	whoi	pennate
1057	whoi	pennate_morphotype1
1058	whoi	pennates_on_diatoms
1059	syke_ifcb_2022	Peridiniella_catenata_chain
1060	syke_ifcb_2022	Peridiniella_catenata_single
1061	planktoscope	Phaeocystis
1062	whoi	Phaeocystis
1063	medplanktonset	Phaeocystis_jahnii
1064	medplanktonset	Phalacroma_spp
1065	planktoscope	Phalacroma
1066	medplanktonset	Phalacroma_oxytoxoides
1067	zoocamnet	Phoronida
1068	global_uvp5	Phyllodocida
1069	uvp6net	Phyllodocida
1070	global_uvp5	Alciopidae
1071	global_uvp5	Phyllodocidae
1072	planktoscope	Plagiacanthidae
1073	medplanktonset	Plagiotropis_spp
1074	flowcamnet	Planktoniella sol
1075	planktoscope	Planktoniella sol
1076	global_uvp5	other<plastic
1077	planktoscope	fiber_plastic
1078	zoocamnet	fiber_plastic
1079	global_uvp5	Platyhelminthes
1080	zooscan	Metridinidae
1081	whoi	Pleuronema_sp
1082	whoi	Pleurosigma
1083	medplanktonset	Pleurosigma spp._Gyrosigma_spp
1084	planktoscope	Pleurosigmataceae
1085	flowcamnet	Podolampas
1086	planktoscope	Podolampas_Podolampadaceae_Peridiniales_Dinophyceae
1087	planktoscope	Podolampas bipes
1088	medplanktonset	Podolampas_palmipes
1089	planktoscope	Podon
1090	sykezooscan2024	Podon_sp
1091	zoocamnet	Podon
1092	zooscan	Podon
1093	global_uvp5	Poeobius
1094	uvp6net	Annelida
1095	planktoscope	pollen
1096	whoi	pollen
1097	zoolake	polyarthra
1098	global_uvp5	trocophora
1099	jedioceans	LClass_29.Polychaeta
1100	planktonset1.0	polychaete
1101	sykezooscan2024	Polychaeta
1102	global_uvp5	Cytocladus
1103	global_uvp5	Orodaria
1104	medplanktonset	Polykrikos_kofoidii
1105	zoocamnet	Pontellidae
1106	zooscan	Pontellidae
1107	zoocamnet	Porcellanidae
1108	zooscan	larvae_Porcellanidae
1109	planktoscope	Porifera spicule
1110	flowcamnet	Poroecus
1111	planktoscope	Proboscia
1112	planktoscope	Proplectella
1113	whoi	Prorocentrum
1114	syke_ifcb_2022	Prorocentrum_cordatum
1115	medplanktonset	Prorocentrum_cf._gracile
1116	medplanktonset	Prorocentrum_redfieldii
1117	whoi	Proterythropsis_sp
1118	medplanktonset	Protoceratium_reticulatum
1119	flowcamnet	Protoperidinium
1120	planktoscope	Protoperidinium
1121	whoi	Protoperidinium
1122	medplanktonset	Protoperidinium_diabolus
1123	medplanktonset	Protoperidinium_cf._divergens
1124	medplanktonset	Pseliodinium_fusus
1125	global_uvp5	Pseudocalanus
1126	whoi	Pseudochattonella_farcimen
1127	planktoscope	Pseudo-Nitzschia chain
1128	flowcamnet	Pseudo-Nitzschia chain
1129	medplanktonset	Pseudo-nitzschia_spp._2_cells
1130	medplanktonset	Pseudo-nitzschia_spp._3_cells
1131	medplanktonset	Pseudo-nitzschia_spp._4_cells
1132	medplanktonset	Pseudo-nitzschia_spp._5_cells
1133	medplanktonset	Pseudo-nitzschia_spp._6_cells
1134	medplanktonset	Pseudo-nitzschia_spp._7_cells
1135	medplanktonset	Pseudo-nitzschia_spp._single_cell
1136	whoi	Pseudonitzschia
1137	syke_ifcb_2022	Pseudopedinella_sp
1138	planktoscope	Pseudosolenia
1139	medplanktonset	Pseudosolenia_calcar-avis
1140	global_uvp5	Gymnosomata
1141	jedioceans	LClass_Pteropod
1142	planktonset1.0	pteropod_triangle
1143	zooscan	Gymnosomata
1144	medplanktonset	Pterosperma_spp
1145	planktoscope	Pterosperma
1146	planktoscope	Ptychocylis
1147	medplanktonset	Pyramimonas_spp
1148	syke_ifcb_2022	Pyramimonas_sp
1149	whoi	Pyramimonas_longicauda
1150	flowcamnet	Pyrocystaceae
1151	isiisnet	Pyrocystis
1152	planktoscope	Pyrocystis
1153	planktoscope	Pyrocystis fusiformis
1154	planktoscope	Pyrocystis hamulus
1155	medplanktonset	Pyrocystis_cf._lunula
1156	planktoscope	Pyrocystis lunula
1157	planktoscope	Pyrocystis noctiluca
1158	flowcamnet	Pyrophacus
1159	planktoscope	Pyrophacus
1160	medplanktonset	Pyrophacus_horologium
1161	global_uvp5	Pyrosoma
1162	global_uvp5	Pyrosomatida
1163	zooscan	Pyrosomatida
1164	jedioceans	LClass_Ra.25.Radiolaria
1165	jedioceans	LClass_Ra.25.Radiolaria_2
1166	jedioceans	LClass_Ra.Radiolaria
1167	medplanktonset	Radiolaria
1168	planktonset1.0	radiolarian_chain
1169	planktonset1.0	radiolarian_colony
1170	planktoscope	aggregate_Radiolaria
1171	uvp6net	reflection
1172	flowcamnet	Rhabdonellidae
1173	planktoscope	Rhabdonella
1174	planktoscope	Rhabdonellopsis
1175	medplanktonset	Rhabdosphaera_clavigera
1176	zooscan	Rhincalanidae
1177	flowcamnet	Rhizosolenia inter. Richelia
1178	planktoscope	Rhizosolenia
1179	planktoscope	Rhizosolenia inter. Richelia
1180	whoi	Rhizosolenia
1181	zoocamnet	Rhizosolenids
1182	planktoscope	Rhizosolenia bergonii
1183	flowcamnet	Rhizosoleniaceae
1184	medplanktonset	Guinardia_striata_Dactyliosolen_phuketensis
1185	medplanktonset	Proboscia_spp._Rhizosolenia_spp
1186	planktoscope	dactyliosolen guinardia mix
1187	global_uvp5	Rhizostomeae
1188	global_uvp5	Rhopalonema
1189	global_uvp5	Rhopalonema velatum
1190	zooscan	Rhopalonema velatum
1191	global_uvp5	Rhopalonematidae
1192	isiisnet	Rhopalonematidae
1193	flowcamnet	Richelia
1194	planktoscope	Rotifera
1195	zoolake	rotifers
1196	planktonset1.0	chaetognath_sagitta
1197	global_uvp5	chain
1198	global_uvp5	juvenile
1199	global_uvp5	Salpida
1200	jedioceans	LClass_salps
1201	planktonset1.0	tunicate_salp
1202	planktonset1.0	tunicate_salp_chains
1203	uvp6net	chain<Salpida
1204	uvp6net	Salpida
1205	zooscan	juvenile_Salpida
1206	zooscan	Salpida
1207	global_uvp5	like<Salpida
1208	global_uvp5	Salpidae
1209	zooscan	endostyle
1210	zooscan	nucleus
1211	flowcamnet	Salpingella
1212	planktoscope	Salpingella_Tintinnidiidae
1213	planktoscope	sand
1214	zooscan	Sapphirinidae
1215	global_uvp5	Sarsia
1216	medplanktonset	Scrippsiella_acuminata_like
1217	medplanktonset	Scyphosphaera_apsteinii
1218	planktoscope	Scyphosphaera apsteinii
1219	global_uvp5	Scyphozoa
1220	isiisnet	ephyra
1221	planktonset1.0	ephyra
1222	zooscan	ephyra
1223	planktoscope	seaweed
1224	zooscan	seaweed
1225	global_uvp5	Semaeostomeae
1226	planktonset1.0	shrimp_sergestidae
1227	zooscan	protozoea_Sergestidae
1228	sykezooscan2024	Sessilia
1229	flowcamnet	ball_bearing_like
1230	flowcamnet	contrasted_blob
1231	flowcamnet	crumple sphere
1232	flowcamnet	darkrods
1233	flowcamnet	darksphere
1234	flowcamnet	dinophyceae_shape
1235	flowcamnet	lightrods
1236	flowcamnet	lightsphere
1237	flowcamnet	transparent_u
1238	global_uvp5	beanlike
1239	global_uvp5	dark<sphere
1240	global_uvp5	light<sphere
1241	global_uvp5	ovoid
1242	global_uvp5	sphere<othertocheck
1243	isiisnet	vertical line
1244	planktoscope	crumple sphere
1245	planktoscope	dark_sphere
1246	planktoscope	ushape
1247	uvp6net	darksphere
1248	jedioceans	LClass_shell
1249	global_uvp5	Siphodera
1250	jedioceans	LClass_siphonophora
1251	global_uvp5	Siphonophorae
1252	isiisnet	Siphonophorae
1253	planktonset1.0	siphonophore_calycophoran_rocketship_adult
1254	planktonset1.0	siphonophore_calycophoran_rocketship_young
1255	planktonset1.0	siphonophore_physonect
1256	planktonset1.0	siphonophore_physonect_young
1257	uvp6net	Siphonophorae
1258	zoocamnet	other_Siphonophorae
1259	zoocamnet	Physonectae
1260	zooscan	nectophore_Physonectae
1261	zooscan	Physonectae
1262	zooscan	siphonula
1263	global_uvp5	part<Siphonophorae
1264	planktonset1.0	siphonophore_other_parts
1265	planktonset1.0	siphonophore_partial
1266	zooscan	part_Siphonophorae
1267	global_uvp5	tentacle<Siphonophorae
1268	medplanktonset	Skeletonema_pseudocostatum_Skeletonema_tropicum
1269	planktoscope	Skeletonema
1270	whoi	Skeletonema
1271	syke_ifcb_2022	Skeletonema_marinoi
1272	medplanktonset	Skeletonema_menzelii
1273	global_uvp5	Sminthea
1274	global_uvp5	Solmaris
1275	planktonset1.0	hydromedusae_solmaris
1276	global_uvp5	Solmarisidae
1277	planktonset1.0	hydromedusae_solmundella
1278	global_uvp5	Solmundella bitentaculata
1279	zooscan	actinula
1280	zooscan	Solmundella bitentaculata
1281	medplanktonset	Sourniaea_diacantha
1282	planktonset1.0	siphonophore_calycophoran_sphaeronectes
1283	planktonset1.0	siphonophore_calycophoran_sphaeronectes_stem
1284	planktonset1.0	siphonophore_calycophoran_sphaeronectes_young
1285	lensless	SPIROSTOMUM AMBIGUUM
1286	planktoscope	Spongodiscidae
1287	whoi	spore
1288	flowcamnet	Spumellaria
1289	planktoscope	Spumellaria
1290	flowcamnet	Steenstrupiella
1291	planktoscope	Steenstrupiella
1292	global_uvp5	Stegocephalus inflatus
1293	planktoscope	stellate hairs
1294	lensless	STENTOR COERULEUS
1295	whoi	Stephanopyxis
1296	planktoscope	Sticholonche
1297	planktonset1.0	stomatopod
1298	zooscan	larvae_Stomatopoda
1299	planktoscope	Striatella
1300	whoi	Strobilidium_morphotype1
1301	whoi	Strombidium_morphotype1
1302	whoi	Strombidium_morphotype2
1303	whoi	Strombidium_capitatum
1304	whoi	Strombidium_conicum
1305	whoi	Strombidium_inclinatum
1306	whoi	Strombidium_oculatum
1307	whoi	Strombidium_wulffi
1308	global_uvp5	Swima
1309	uvp6net	Swima
1310	sykezooscan2024	Synchaeta_sp
1311	zoolake	synchaeta
1312	medplanktonset	Syracosphaera_pulchra
1313	syke_ifcb_2022	Cryptophyceae-Teleaulax
1314	global_uvp5	Teleostei
1315	planktonset1.0	fish_larvae_deep_body
1316	planktonset1.0	fish_larvae_medium_body
1317	planktonset1.0	fish_larvae_thin_body
1318	planktonset1.0	fish_larvae_very_thin_body
1319	planktoscope	nauplii_Temora
1320	planktoscope	Temora
1321	zoocamnet	Temoridae
1322	zooscan	Temoridae
1323	global_uvp5	like<Temoridae
1324	medplanktonset	Tenuicylindrus_belgicus
1325	medplanktonset	Thalassionema_spp
1326	whoi	Thalassionema
1327	zoocamnet	Thalassionema
1328	flowcamnet	Thalassionematales
1329	planktoscope	Thalassionematales
1330	medplanktonset	Thalassiosira_spp
1331	whoi	Thalassiosira
1332	whoi	Thalassiosira_dirty
1333	medplanktonset	Thalassiosira_gravida
1334	syke_ifcb_2022	Thalassiosira_levanderi
1335	planktoscope	Thalassiosirales
1336	global_uvp5	Thaliacea
1337	zoocamnet	Thaliacea
1338	global_uvp5	Phaeodaria
1339	global_uvp5	unknown
1340	planktoscope	Phaeodaria
1341	zooscan	Phaeodaria
1342	global_uvp5	like<Phaeodaria
1343	global_uvp5	Thecosomata
1344	planktonset1.0	pteropod_butterfly
1345	planktonset1.0	pteropod_theco_dev_seq
1346	jedioceans	LClass_Ba.Barnacle_nauplius
1347	jedioceans	LClass_barnacle
1348	jedioceans	LClass_Barnacle_exuviae
1349	jedioceans	LClass_Pa.37.Barnacle_exuviae
1350	planktoscope	nauplii_Cirripedia
1351	zoocamnet	Ciripedia
1352	zooscan	cirrus
1353	zooscan	cypris
1354	zooscan	nauplii_Cirripedia
1355	jedioceans	LClass_Ba.22.Cypris_larva
1356	medplanktonset	Tiarina_spp
1357	planktoscope	Tiarina
1358	whoi	Tiarina_fusus
1359	whoi	Tintinnid
1360	planktoscope	Tintinnopsis
1361	global_uvp5	Tomopteridae
1362	zooscan	Tomopteridae
1363	global_uvp5	Tomopteris
1364	whoi	Tontonia_appendiculariformis
1365	whoi	Tontonia_gracillima
1366	medplanktonset	Torodinium_spp
1367	global_uvp5	Trachymedusae
1368	medplanktonset	Trachymedusae
1369	planktoscope	Triceratium
1370	zoolake	trichocerca
1371	global_uvp5	puff
1372	global_uvp5	Trichodesmium
1373	global_uvp5	tuff
1374	jedioceans	LClass_Cy.1.Trichodesmium
1375	jedioceans	LClass_Cy.1.Trichodesmium_spp
1376	jedioceans	LClass_Cy.1.Trichodesmium_tuft
1377	jedioceans	LClass_Cy.2.Trichodesmium
1378	jedioceans	LClass_Cy.Trichodesmium_
1379	planktonset1.0	trichodesmium_bowtie
1380	planktonset1.0	trichodesmium_puff
1381	planktonset1.0	trichodesmium_tuft
1382	planktoscope	puff
1383	planktoscope	Trichodesmium
1384	uvp6net	puff
1385	uvp6net	tuff
1386	zoocamnet	Trichodesmium
1387	global_uvp5	like<Trichodesmium
1388	planktonset1.0	trichodesmium_multiple
1389	medplanktonset	Trieres_mobiliensis
1390	planktoscope	Trigonium
1391	jedioceans	LClass_Df.02.Ceratium
1392	medplanktonset	Tripos_spp
1393	zooscan	Neoceratium
1394	medplanktonset	Tripos_muelleri-like
1395	planktoscope	neoceratium falcatum inflatum mix
1396	planktoscope	Tripos arcticus
1397	medplanktonset	Tripos_arietinus
1398	planktoscope	Neoceratium arietinum
1399	medplanktonset	Tripos_azoricus
1400	planktoscope	Neoceratium azoricum
1401	planktoscope	Neoceratium belone
1402	planktoscope	Neoceratium breve
1403	planktoscope	Neoceratium candelabrum
1404	medplanktonset	Tripos_concilians
1405	medplanktonset	Tripos_contortus
1406	planktoscope	Neoceratium contortum
1407	medplanktonset	Tripos_declinatus
1408	planktoscope	Neoceratium declinatum
1409	medplanktonset	Tripos_euarcuatus
1410	planktoscope	Neoceratium extensum
1411	flowcamnet	Neoceratium furca
1412	medplanktonset	Tripos_furca
1413	planktoscope	Neoceratium furca_Neoceratium
1414	flowcamnet	Neoceratium fusus
1415	medplanktonset	Tripos_fusus
1416	planktoscope	Neoceratium fusus_Neoceratium
1417	planktoscope	Neoceratium geniculatum
1418	planktoscope	Neoceratium praeolongum
1419	planktoscope	Neoceratium gravidum
1420	planktoscope	Neoceratium hexacanthum
1421	medplanktonset	Tripos_horridus
1422	planktoscope	Neoceratium incisum
1423	planktoscope	Neoceratium limulus
1424	planktoscope	Neoceratium lineatum
1425	medplanktonset	Tripos_macroceros
1426	planktoscope	Neoceratium macroceros
1427	planktoscope	Neoceratium massiliense
1428	medplanktonset	Tripos_cf._minutus
1429	planktoscope	Neoceratium paradoxides
1430	flowcamnet	Neoceratium pentagonum
1431	medplanktonset	Tripos_pentagonus
1432	planktoscope	Neoceratium pentagonum
1433	planktoscope	Neoceratium petersii
1434	planktoscope	Neoceratium platycorne
1435	planktoscope	Neoceratium pulchellum
1436	planktoscope	Neoceratium ranipes
1437	medplanktonset	Tripos_symmetricus
1438	planktoscope	Neoceratium symmetricum
1439	medplanktonset	Tripos_teres
1440	planktoscope	Neoceratium teres
1441	planktoscope	Neoceratium trichoceros
1442	planktoscope	Triposolenia_Amphisoleniaceae_Dinophysiales
1443	jedioceans	LClass_hydracarina
1444	jedioceans	LClass_hydracarina_
1445	global_uvp5	Tuscaroridae
1446	medplanktonset	Umbilicosphaera_sibogae
1447	flowcamnet	Undellidae
1448	planktoscope	Undellidae
1449	zoolake	unknown_plankton
1450	global_uvp5	t001
1451	global_uvp5	t002
1452	global_uvp5	t003
1453	global_uvp5	t004
1454	global_uvp5	t006
1455	global_uvp5	t007
1456	global_uvp5	t010
1457	global_uvp5	t011
1458	global_uvp5	t013
1459	global_uvp5	t018
1460	global_uvp5	t019
1461	jedioceans	LClass_doubt
1462	jedioceans	LClass_Doubts
1463	jedioceans	LClass_Doutbs
1464	jedioceans	LClass_unknown
1465	jedioceans	LClass_Unkown
1466	planktonset1.0	unknown_blobs_and_smudges
1467	planktonset1.0	unknown_sticks
1468	planktonset1.0	unknown_unclassified
1469	uvp6net	t004
1470	uvp6net	t011
1471	zoolake	unknown
1472	zoolake	uroglena
1473	syke_ifcb_2022	Uroglenopsis_sp
1474	lensless	VOLVOX
1475	medplanktonset	Warnowia_polyphemus
1476	syke_ifcb_2022	Snowella-Woronichinia
1477	planktoscope	Xystonella
1478	flowcamnet	Xystonellidae
1479	planktoscope	Xystonellidae
1480	planktoscope	Xystonellopsis
1481	planktoscope	Xystonellopsis paradoxa
1482	global_uvp5	Zoantharia
1483	whoi	zooplankton
1484	planktoscope	Zoothamniidae
1485	frepj	Arachnida,Trombidiformes,Hydrachnidia,Ge._unk,Ge._unk
1486	frepj	Branchiopoda,Diplostraca,Bosminidae,Bosmina,Bosmina fatalis
1487	frepj	Branchiopoda,Diplostraca,Bosminidae,Bosmina,Bosmina freyi
1488	frepj	Branchiopoda,Diplostraca,Bosminidae,Bosmina,Bosmina longirostris
1489	frepj	Branchiopoda,Diplostraca,Bosminidae,Bosmina,Bosmina tanakai
1490	frepj	Branchiopoda,Diplostraca,Bosminidae,Bosmina,Sp._unk
1491	frepj	Branchiopoda,Diplostraca,Bosminidae,Bosminopsis,Bosminopsis deitersi
1492	frepj	Branchiopoda,Diplostraca,Chydoridae,Alona,Alona affinis
1493	frepj	Branchiopoda,Diplostraca,Chydoridae,Alona,Alona costata
1494	frepj	Branchiopoda,Diplostraca,Chydoridae,Alona,Alona guttata
1495	frepj	Branchiopoda,Diplostraca,Chydoridae,Alona,Alona intermedia
1496	frepj	Branchiopoda,Diplostraca,Chydoridae,Alona,Sp._unk
1497	frepj	Branchiopoda,Diplostraca,Chydoridae,Alonella,Alonella excisa
1498	frepj	Branchiopoda,Diplostraca,Chydoridae,Camptocercus,Camptocercus australis
1499	frepj	Branchiopoda,Diplostraca,Chydoridae,Camptocercus,Sp._unk
1500	frepj	Branchiopoda,Diplostraca,Chydoridae,Chydorus,Chydorus brevilabris
1501	frepj	Branchiopoda,Diplostraca,Chydoridae,Chydorus,Chydorus sphaericus
1502	frepj	Branchiopoda,Diplostraca,Chydoridae,Chydorus,Sp._unk
1503	frepj	Branchiopoda,Diplostraca,Chydoridae,Disparalona,Disparalona rostrata
1504	frepj	Branchiopoda,Diplostraca,Chydoridae,Ge._unk,Ge._unk
1505	frepj	Branchiopoda,Diplostraca,Chydoridae,Leydigia,Leydigia cliata
1506	frepj	Branchiopoda,Diplostraca,Chydoridae,Leydigia,Leydigia leydigi
1507	frepj	Branchiopoda,Diplostraca,Chydoridae,Monospilus,Monospilus dispar
1508	frepj	Branchiopoda,Diplostraca,Chydoridae,Pleuroxus,Pleuroxus hamulatus
1509	frepj	Branchiopoda,Diplostraca,Chydoridae,Pleuroxus,Pleuroxus laevis
1510	frepj	Branchiopoda,Diplostraca,Daphniida,Simocephalus,Simocephalus serrulatus
1511	frepj	Branchiopoda,Diplostraca,Daphniida,Simocephalus,Simocephalus vetulus
1512	frepj	Branchiopoda,Diplostraca,Daphniidae,Ceriodaphnia,Ceriodaphnia cornuta
1513	frepj	Branchiopoda,Diplostraca,Daphniidae,Ceriodaphnia,Ceriodaphnia dubia
1514	frepj	Branchiopoda,Diplostraca,Daphniidae,Ceriodaphnia,Ceriodaphnia pulchella
1515	frepj	Branchiopoda,Diplostraca,Daphniidae,Ceriodaphnia,Ceriodaphnia sp2
1516	frepj	Branchiopoda,Diplostraca,Daphniidae,Ceriodaphnia,Sp._unk
1517	frepj	Branchiopoda,Diplostraca,Daphniidae,Daphnia,Daphnai galeata or daphnia dentifera
1518	frepj	Branchiopoda,Diplostraca,Daphniidae,Daphnia,Daphnia ambigua
1519	frepj	Branchiopoda,Diplostraca,Daphniidae,Daphnia,Daphnia cristata
1520	frepj	Branchiopoda,Diplostraca,Daphniidae,Daphnia,Daphnia dentifera
1521	frepj	Branchiopoda,Diplostraca,Daphniidae,Daphnia,Daphnia galeata
1522	frepj	Branchiopoda,Diplostraca,Daphniidae,Daphnia,Daphnia longiremis
1523	frepj	Branchiopoda,Diplostraca,Daphniidae,Daphnia,Daphnia mitsukuri
1524	frepj	Branchiopoda,Diplostraca,Daphniidae,Daphnia,Daphnia pulex
1525	frepj	Branchiopoda,Diplostraca,Daphniidae,Daphnia,Daphnia tanakai
1526	frepj	Branchiopoda,Diplostraca,Daphniidae,Daphnia,Sp._unk
1527	frepj	Branchiopoda,Diplostraca,Daphniidae,Scapholeberis,Scapholeberis smirnovi
1528	frepj	Branchiopoda,Diplostraca,Holopediidae,Holopedium,Holopedium gibberum
1529	frepj	Branchiopoda,Diplostraca,Leptodoridae,Leptodora,Leptodora kindtii
1530	frepj	Branchiopoda,Diplostraca,Macrothricidae,Macrothrix,Sp._unk
1531	frepj	Branchiopoda,Diplostraca,Moinidae,Moina,Moina affinis
1532	frepj	Branchiopoda,Diplostraca,Moinidae,Moina,Moina micrura jpn1
1533	frepj	Branchiopoda,Diplostraca,Moinidae,Moina,Moina micrura jpn2
1534	frepj	Branchiopoda,Diplostraca,Moinidae,Moina,Moina sp
1535	frepj	Branchiopoda,Diplostraca,Moinidae,Moina,Sp._unk
1536	frepj	Branchiopoda,Diplostraca,Sididae,Diaphanosoma,Diaphanosoma brachyurum
1537	frepj	Branchiopoda,Diplostraca,Sididae,Diaphanosoma,Diaphanosoma cf. amurensis
1538	frepj	Branchiopoda,Diplostraca,Sididae,Diaphanosoma,Diaphanosoma dubium
1539	frepj	Branchiopoda,Diplostraca,Sididae,Diaphanosoma,Diaphanosoma macrophthalma
1540	frepj	Branchiopoda,Diplostraca,Sididae,Diaphanosoma,Diaphanosoma nipponica
1541	frepj	Branchiopoda,Diplostraca,Sididae,Diaphanosoma,Diaphanosoma orientalis
1542	frepj	Branchiopoda,Diplostraca,Sididae,Diaphanosoma,Sp._unk
1543	frepj	Branchiopoda,Diplostraca,Sididae,Sida,Sp._unk
1544	frepj	Branchiopoda,Or._unk,Or._unk,Or._unk,Or._unk
1545	frepj	Copepoda,Calanoida,Centropagidae,Sinocalanus,Sinocalanus tenellus
1546	frepj	Copepoda,Calanoida,Diaptomidae,Acanthodiaptomus,Acanthodiaptomus pacificus
1547	frepj	Copepoda,Calanoida,Diaptomidae,Eodiaptomus,Eodiaptomus japonicus
1548	frepj	Copepoda,Calanoida,Diaptomidae,Heliodiaptomus,Heliodiaptomus kikuchii
1549	frepj	Copepoda,Calanoida,Diaptomidae,Heliodiaptomus,Heliodiaptomus nipponicus
1550	frepj	Copepoda,Calanoida,Diaptomidae,Neodiaptomus,Neodiaptomus schmackeri
1551	frepj	Copepoda,Calanoida,Diaptomidae,Neutrodiaptomus,Neutrodiaptomus formosus
1552	frepj	Copepoda,Calanoida,Diaptomidae,Sinodiaptomus,Sinodiaptomus sarsi
1553	frepj	Copepoda,Calanoida,Diaptomidae,Sinodiaptomus,Sinodiaptomus valkano
1554	frepj	Copepoda,Calanoida,Fa._unk,Fa._unk,Fa._unk
1555	frepj	Copepoda,Calanoida,Fa._unk_copepodid_stage,Fa._unk_copepodid_stage,Fa._unk_copepodid_stage
1556	frepj	Copepoda,Calanoida,Temoridae,Eurytemora,Eurytemora affinis
1557	frepj	Copepoda,Cyclopoida,Cyclopidae,Acanthocyclops,Sp._unk
1558	frepj	Copepoda,Cyclopoida,Cyclopidae,Cyclops,Cyclops kikuchii
1559	frepj	Copepoda,Cyclopoida,Cyclopidae,Cyclops,Cyclops vicinus
1560	frepj	Copepoda,Cyclopoida,Cyclopidae,Cyclops,Sp._unk
1561	frepj	Copepoda,Cyclopoida,Cyclopidae,Diacyclops,Diacyclops biscuspidatus
1562	frepj	Copepoda,Cyclopoida,Cyclopidae,Diacyclops,Sp._unk
1563	frepj	Copepoda,Cyclopoida,Cyclopidae,Eucyclops,Sp._unk
1564	frepj	Copepoda,Cyclopoida,Cyclopidae,Ge._unk,Ge._unk
1565	frepj	Copepoda,Cyclopoida,Cyclopidae,Macrocyclops,Sp._unk
1566	frepj	Copepoda,Cyclopoida,Cyclopidae,Megacyclops,Megacyclops viridis
1567	frepj	Copepoda,Cyclopoida,Cyclopidae,Mesocyclops,Mesocyclops dissimilis
1568	frepj	Copepoda,Cyclopoida,Cyclopidae,Mesocyclops,Sp._unk
1569	frepj	Copepoda,Cyclopoida,Cyclopidae,Microcyclops,Sp._unk
1570	frepj	Copepoda,Cyclopoida,Cyclopidae,Thermocyclops,Sp._unk
1571	frepj	Copepoda,Cyclopoida,Cyclopidae,Thermocyclops,Thermocyclops crassus
1572	frepj	Copepoda,Cyclopoida,Cyclopidae,Thermocyclops,Thermocyclops taihokuensis
1573	frepj	Copepoda,Cyclopoida,Cyclopidae,Tropocyclops,Sp._unk
1574	frepj	Copepoda,Cyclopoida,Ergasilidae,Ergasilus,Sp._unk
1575	frepj	Copepoda,Cyclopoida,Ergasilidae,Ergasilus,Sp._unk_copepodid_stage
1576	frepj	Copepoda,Cyclopoida,Fa._unk,Fa._unk,Fa._unk
1577	frepj	Copepoda,Cyclopoida,Fa._unk_copepodid_stage,Fa._unk_copepodid_stage,Fa._unk_copepodid_stage
1578	frepj	Copepoda,Cyclopoida,Oithonidae,Oithona,Sp._unk_naupliar_stage
1579	frepj	Copepoda,Harpacticoida,Fa._unk,Fa._unk,Fa._unk
1580	frepj	Copepoda,Harpacticoida,Fa._unk_copepodid_stage,Fa._unk_copepodid_stage,Fa._unk_copepodid_stage
1581	frepj	Copepoda,Or._unk_naupliar_stage,Or._unk_naupliar_stage,Or._unk_naupliar_stage,Or._unk_naupliar_stage
1582	frepj	Dinophyceae,Gonyaulacales,Ceratiaceae,Ceratium,Ceratium hirundinella
1583	frepj	Eurotatoria,Bdelloidea,Fa._unk,Fa._unk,Fa._unk
1584	frepj	Eurotatoria,Bdelloidea,Habrotrochidae,Ge._unk,Ge._unk
1585	frepj	Eurotatoria,Bdelloidea,Philodinidae,Dissotrocha,Sp._unk
1586	frepj	Eurotatoria,Bdelloidea,Philodinidae,Ge._unk,Ge._unk
1587	frepj	Eurotatoria,Bdelloidea,Philodinidae,Rotaria,Rotaria neptunia
1588	frepj	Eurotatoria,Collothecacea,Collothecidae,Collotheca,Sp._unk
1589	frepj	Eurotatoria,Flosculariaceae,Conochilidae,Conochiloides,Conochiloides dossuarius
1590	frepj	Eurotatoria,Flosculariaceae,Conochilidae,Conochiloides,Sp._unk
1591	frepj	Eurotatoria,Flosculariaceae,Conochilidae,Conochilus,Conochilus unicornis
1592	frepj	Eurotatoria,Flosculariaceae,Conochilidae,Conochilus,Sp._unk
1593	frepj	Eurotatoria,Flosculariaceae,Flosculariidae,Ge._unk,Ge._unk
1594	frepj	Eurotatoria,Flosculariaceae,Flosculariidae,Lacinularia,Lacinularia flosculosa
1595	frepj	Eurotatoria,Flosculariaceae,Hexarthridae,Hexarthra,Sp._unk
1596	frepj	Eurotatoria,Flosculariaceae,Testudinellidae,Pompholyx,Pompholyx complanata
1597	frepj	Eurotatoria,Flosculariaceae,Testudinellidae,Pompholyx,Pompholyx sulcata
1598	frepj	Eurotatoria,Flosculariaceae,Testudinellidae,Pompholyx,Sp._unk
1599	frepj	Eurotatoria,Flosculariaceae,Testudinellidae,Testudinella,Sp._unk
1600	frepj	Eurotatoria,Flosculariaceae,Testudinellidae,Testudinella,Testudinella brevicaudata
1601	frepj	Eurotatoria,Flosculariaceae,Testudinellidae,Testudinella,Testudinella patina
1602	frepj	Eurotatoria,Flosculariaceae,Trochosphaeridae,Filinia,Filinia longiseta
1603	frepj	Eurotatoria,Flosculariaceae,Trochosphaeridae,Tetramastix,Tetramastix opoliensis
1604	frepj	Eurotatoria,Ploima,Asplanchnidae,Asplanchna,Asplanchna priodonta
1605	frepj	Eurotatoria,Ploima,Asplanchnidae,Asplanchna,Asplanchna sieboldi
1606	frepj	Eurotatoria,Ploima,Asplanchnidae,Asplanchna,Sp._unk
1607	frepj	Eurotatoria,Ploima,Asplanchnidae,Asplanchnopus,Sp._unk
1608	frepj	Eurotatoria,Ploima,Brachionidae,Anuraeopsis,Anuraeopsis fissa
1609	frepj	Eurotatoria,Ploima,Brachionidae,Anuraeopsis,Sp._unk
1610	frepj	Eurotatoria,Ploima,Brachionidae,Brachionus,Brachionus angularis
1611	frepj	Eurotatoria,Ploima,Brachionidae,Brachionus,Brachionus budapestinensis
1612	frepj	Eurotatoria,Ploima,Brachionidae,Brachionus,Brachionus calyciflorus
1613	frepj	Eurotatoria,Ploima,Brachionidae,Brachionus,Brachionus caudatus
1614	frepj	Eurotatoria,Ploima,Brachionidae,Brachionus,Brachionus dimidiatus
1615	frepj	Eurotatoria,Ploima,Brachionidae,Brachionus,Brachionus diversicornis
1616	frepj	Eurotatoria,Ploima,Brachionidae,Brachionus,Brachionus falcatus
1617	frepj	Eurotatoria,Ploima,Brachionidae,Brachionus,Brachionus forficula
1618	frepj	Eurotatoria,Ploima,Brachionidae,Brachionus,Brachionus plicatilis
1619	frepj	Eurotatoria,Ploima,Brachionidae,Brachionus,Brachionus quadridentatus
1620	frepj	Eurotatoria,Ploima,Brachionidae,Brachionus,Brachionus sessilis
1621	frepj	Eurotatoria,Ploima,Brachionidae,Brachionus,Brachionus urceolaris
1622	frepj	Eurotatoria,Ploima,Brachionidae,Kellicottia,Kellicottia bostoniensis
1623	frepj	Eurotatoria,Ploima,Brachionidae,Kellicottia,Kellicottia longispina
1624	frepj	Eurotatoria,Ploima,Brachionidae,Keratella,Keratella cochlearis
1625	frepj	Eurotatoria,Ploima,Brachionidae,Keratella,Keratella quadrata
1626	frepj	Eurotatoria,Ploima,Brachionidae,Keratella,Keratella valga or tropica
1627	frepj	Eurotatoria,Ploima,Brachionidae,Notholca,Notholca labis
1628	frepj	Eurotatoria,Ploima,Brachionidae,Platyias,Platyias patulus
1629	frepj	Eurotatoria,Ploima,Brachionidae,Platyias,Platyias quadricornis
1630	frepj	Eurotatoria,Ploima,Dicranophoridae,Dicranophorus,Dicranophorus uncinatus
1631	frepj	Eurotatoria,Ploima,Dicranophoridae,Dicranophorus,Sp._unk
1632	frepj	Eurotatoria,Ploima,Dicranophoridae,Encentrum,Sp._unk
1633	frepj	Eurotatoria,Ploima,Epiphanidae,Epiphanes,Sp._unk
1634	frepj	Eurotatoria,Ploima,Euchlanidae,Dipleuchlanis,Dipleuchlanis propatula
1635	frepj	Eurotatoria,Ploima,Euchlanidae,Euchlanis,Euchlanis pyriformis
1636	frepj	Eurotatoria,Ploima,Euchlanidae,Euchlanis,Sp._unk
1637	frepj	Eurotatoria,Ploima,Euchlanidae,Eudactylota,Eudactylota eudactylota
1638	frepj	Eurotatoria,Ploima,Flosculariaceae,Flosculariidae,Floscularia,Floscularia sp
1639	frepj	Eurotatoria,Ploima,Gastropoidae,Ascomorpha,Sp._unk
1640	frepj	Eurotatoria,Ploima,Gastropoidae,Gastropus,Gastropus stylifer
1641	frepj	Eurotatoria,Ploima,Lecanidae,Ge._unk,Ge._unk
1642	frepj	Eurotatoria,Ploima,Lecanidae,Lecane,Lecane curvicornis
1643	frepj	Eurotatoria,Ploima,Lecanidae,Lecane,Lecane flexilis
1644	frepj	Eurotatoria,Ploima,Lecanidae,Lecane,Lecane hastata
1645	frepj	Eurotatoria,Ploima,Lecanidae,Lecane,Lecane hornemanni
1646	frepj	Eurotatoria,Ploima,Lecanidae,Lecane,Lecane infula
1647	frepj	Eurotatoria,Ploima,Lecanidae,Lecane,Lecane latissima
1648	frepj	Eurotatoria,Ploima,Lecanidae,Lecane,Lecane leontina
1649	frepj	Eurotatoria,Ploima,Lecanidae,Lecane,Lecane luna
1650	frepj	Eurotatoria,Ploima,Lecanidae,Lecane,Lecane nana
1651	frepj	Eurotatoria,Ploima,Lecanidae,Lecane,Lecane papuana
1652	frepj	Eurotatoria,Ploima,Lecanidae,Lecane,Lecane stichaea
1653	frepj	Eurotatoria,Ploima,Lecanidae,Lecane,Lecane ungulata
1654	frepj	Eurotatoria,Ploima,Lecanidae,Lecane,Sp._unk
1655	frepj	Eurotatoria,Ploima,Lecanidae,Monostyla,Monostyla acus
1656	frepj	Eurotatoria,Ploima,Lecanidae,Monostyla,Monostyla bulla
1657	frepj	Eurotatoria,Ploima,Lecanidae,Monostyla,Monostyla closterocerca
1658	frepj	Eurotatoria,Ploima,Lecanidae,Monostyla,Monostyla furcata
1659	frepj	Eurotatoria,Ploima,Lecanidae,Monostyla,Monostyla hamata
1660	frepj	Eurotatoria,Ploima,Lecanidae,Monostyla,Monostyla lunaris
1661	frepj	Eurotatoria,Ploima,Lecanidae,Monostyla,Monostyla opias
1662	frepj	Eurotatoria,Ploima,Lecanidae,Monostyla,Monostyla pyriformis
1663	frepj	Eurotatoria,Ploima,Lecanidae,Monostyla,Monostyla quadridentata
1664	frepj	Eurotatoria,Ploima,Lecanidae,Monostyla,Sp._unk
1665	frepj	Eurotatoria,Ploima,Lepadellidae,Colurella,Sp._unk
1666	frepj	Eurotatoria,Ploima,Lepadellidae,Lepadella,Lepadella acuminata
1667	frepj	Eurotatoria,Ploima,Lepadellidae,Lepadella,Lepadella oblonga
1668	frepj	Eurotatoria,Ploima,Lepadellidae,Lepadella,Lepadella ovalis
1669	frepj	Eurotatoria,Ploima,Lepadellidae,Lepadella,Lepadella patella
1670	frepj	Eurotatoria,Ploima,Lepadellidae,Lepadella,Sp._unk
1671	frepj	Eurotatoria,Ploima,Mytilinidae,Mytilina,Mytilina compressa
1672	frepj	Eurotatoria,Ploima,Mytilinidae,Mytilina,Mytilina trigona
1673	frepj	Eurotatoria,Ploima,Mytilinidae,Mytilina,Mytilina ventralis
1674	frepj	Eurotatoria,Ploima,Mytilinidae,Mytilina,Sp._unk
1675	frepj	Eurotatoria,Ploima,Notommatidae,Cephalodella,Sp._unk
1676	frepj	Eurotatoria,Ploima,Notommatidae,Ge._unk,Ge._unk
1677	frepj	Eurotatoria,Ploima,Notommatidae,Notommata,Sp._unk
1678	frepj	Eurotatoria,Ploima,Scaridiidae,Scaridium,Scaridium longicaudum
1679	frepj	Eurotatoria,Ploima,Synchaetidae,Ploesoma,Ploesoma hudsoni
1680	frepj	Eurotatoria,Ploima,Synchaetidae,Ploesoma,Ploesoma lenticulare
1681	frepj	Eurotatoria,Ploima,Synchaetidae,Ploesoma,Ploesoma truncatum
1682	frepj	Eurotatoria,Ploima,Synchaetidae,Ploesoma,Sp._unk
1683	frepj	Eurotatoria,Ploima,Synchaetidae,Polyarthra,Polyarthra euryptera
1684	frepj	Eurotatoria,Ploima,Synchaetidae,Polyarthra,Polyarthra remata
1685	frepj	Eurotatoria,Ploima,Synchaetidae,Polyarthra,Polyarthra vulgaris
1686	frepj	Eurotatoria,Ploima,Synchaetidae,Polyarthra,Sp._unk
1687	frepj	Eurotatoria,Ploima,Synchaetidae,Synchaeta,Sp._unk
1688	frepj	Eurotatoria,Ploima,Synchaetidae,Synchaeta,Synchaeta oblonga
1689	frepj	Eurotatoria,Ploima,Synchaetidae,Synchaeta,Synchaeta stylata
1690	frepj	Eurotatoria,Ploima,Synchaetidae,Synchaeta,Synchaeta tremula
1691	frepj	Eurotatoria,Ploima,Trichocercidae,Diurella,Diurella collaris
1692	frepj	Eurotatoria,Ploima,Trichocercidae,Diurella,Diurella dixon-nuttalli
1693	frepj	Eurotatoria,Ploima,Trichocercidae,Diurella,Diurella porcellus
1694	frepj	Eurotatoria,Ploima,Trichocercidae,Diurella,Diurella rousseleti
1695	frepj	Eurotatoria,Ploima,Trichocercidae,Trichocerca,Sp._unk
1696	frepj	Eurotatoria,Ploima,Trichocercidae,Trichocerca,Trichocerca bicristata
1697	frepj	Eurotatoria,Ploima,Trichocercidae,Trichocerca,Trichocerca birostris
1698	frepj	Eurotatoria,Ploima,Trichocercidae,Trichocerca,Trichocerca capucina
1699	frepj	Eurotatoria,Ploima,Trichocercidae,Trichocerca,Trichocerca cylindrica
1700	frepj	Eurotatoria,Ploima,Trichocercidae,Trichocerca,Trichocerca elongata
1701	frepj	Eurotatoria,Ploima,Trichocercidae,Trichocerca,Trichocerca longiseta
1702	frepj	Eurotatoria,Ploima,Trichocercidae,Trichocerca,Trichocerca mucosa
1703	frepj	Eurotatoria,Ploima,Trichocercidae,Trichocerca,Trichocerca pusilla
1704	frepj	Eurotatoria,Ploima,Trichocercidae,Trichocerca,Trichocerca rattus
1705	frepj	Eurotatoria,Ploima,Trichotriidae,Trichotria,Trichotria tetractis
1706	frepj	Heterotrichea,Or._unk,Or._unk,Or._unk,Or._unk
1707	frepj	Insecta,Diptera,Chaoboridae,Chaoborus,Sp._unk_larva_stage
1708	frepj	Insecta,Diptera,Chironomidae,Ge._unk_larva_stage,Ge._unk_larva_stage
1709	frepj	Litostomatea,Dileptida,Dileptidae,Paradileptus,Sp._unk
1710	frepj	Lobosa,Arcellinida,Centropyxidae,Centropyxis,Centropyxis discoides
1711	frepj	Lobosa,Arcellinida,Centropyxidae,Centropyxis,Sp._unk
1712	frepj	Oligophymenophorea,Peritrichida,Vorticellidae,Vorticella,Sp._unk
1713	frepj	Ostracoda,Or._unk,Or._unk,Or._unk,Or._unk
1714	daplankton	Aphanizomenon_flosaquae
1715	daplankton	Apocalathium_malmogiense
1716	daplankton	Centrales_sp
1717	daplankton	Chaetoceros_sp
1718	daplankton	Chaetoceros_sp_single
1719	daplankton	Chlorococcales
1720	daplankton	Chroococcales
1721	daplankton	Chrysotila_roscoffensis
1722	daplankton	Ciliata
1723	daplankton	Cryptomonadales
1724	daplankton	Cryptophyceae_Teleaulax
1725	daplankton	Cyclotella_choctawhatcheeana
1726	daplankton	Diatoma_tenuis
1727	daplankton	Dinophyceae
1728	daplankton	Dinophysis_acuminata
1729	daplankton	Dolichospermum_Anabaenopsis
1730	daplankton	Dolichospermum_Anabaenopsis_coiled
1731	daplankton	Euglenophyceae
1732	daplankton	Eutreptiella_sp
1733	daplankton	Gymnodiniales
1734	daplankton	Gymnodinium_corollarium
1735	daplankton	Gymnodinium_like
1736	daplankton	Heterocapsa_rotundata
1737	daplankton	Heterocapsa_triquetra
1738	daplankton	Heterocyte
1739	daplankton	Katablepharis_remigera
1740	daplankton	Kryptoperidium_foliaceum
1741	daplankton	Levanderina_fissa
1742	daplankton	Melosira_arctica
1743	daplankton	Mesodinium_rubrum
1744	daplankton	Monoraphidium_contortum
1745	daplankton	Nephroselmis_pyriformis
1746	daplankton	Nitzschia_paleacea
1747	daplankton	Nodularia_spumigena
1748	daplankton	Oocystis_sp
1749	daplankton	Peridiniella_catenata
1750	daplankton	Pseudopedinella_sp
1751	daplankton	Pyramimonas_sp
1752	daplankton	Rhinomonas_nottbecki
1753	daplankton	Rhodomonas_salina
1754	daplankton	Skeletonema_marinoi
1755	daplankton	Snowella_Woronichinia
1756	daplankton	Teleaulax_acuta
1757	daplankton	Tetraselmis_sp
1758	tara_pacific_bongo	Rhizaria
1759	tara_pacific_bongo	Cyanobacteria<Proteobacteria
1760	tara_pacific_bongo	Retaria
1761	tara_pacific_bongo	Ciliophora
1762	tara_pacific_bongo	Trichodesmium
1763	tara_pacific_bongo	UCYNA like
1764	tara_pacific_bongo	Mollusca
1765	tara_pacific_bongo	Foraminifera
1766	tara_pacific_bongo	Acantharea
1767	tara_pacific_bongo	Spumellaria
1768	tara_pacific_bongo	Nassellaria<Polycystina
1769	tara_pacific_bongo	Peridiniales
1770	tara_pacific_bongo	Dinophyceae X
1771	tara_pacific_bongo	Bacillariophyceae
1772	tara_pacific_bongo	Rhizosolenids
1773	tara_pacific_bongo	Dictyocha
1774	tara_pacific_bongo	Undellidae
1775	tara_pacific_bongo	Tintinnina<Choreotrichida
1776	tara_pacific_bongo	Codonellidae
1777	tara_pacific_bongo	Neoceratium
1778	tara_pacific_bongo	Copepoda<Multicrustacea
1779	tara_pacific_bongo	Synedra
1780	tara_pacific_bongo	Striatella
1781	tara_pacific_bongo	Pseudo-nitzschia
1782	tara_pacific_bongo	Licmophora
1783	tara_pacific_bongo	Diatoma
1784	tara_pacific_bongo	Cylindrotheca
1785	tara_pacific_bongo	Asterionella
1786	tara_pacific_bongo	Bacteriastrum<Chaetocerotaceae
1787	tara_pacific_bongo	Planktoniella
1788	tara_pacific_bongo	Hemiaulus
1789	tara_pacific_bongo	Eucampia
1790	tara_pacific_bongo	Ditylum
1791	tara_pacific_bongo	Chaetoceros<Chaetocerotaceae
1792	tara_pacific_bongo	Biddulphia
1793	tara_pacific_bongo	Rhizosolenia
1794	tara_pacific_bongo	Guinardia
1795	tara_pacific_bongo	Dactyliosolen
1796	tara_pacific_bongo	Lacrymaria
1797	tara_pacific_bongo	Vorticella
1798	tara_pacific_bongo	Epiplocylis
1799	tara_pacific_bongo	Cyttarocylis
1800	tara_pacific_bongo	Dictyocysta
1801	tara_pacific_bongo	Metacylis
1802	tara_pacific_bongo	Rhabdonella
1803	tara_pacific_bongo	Steenstrupiella
1804	tara_pacific_bongo	Eutintinnus
1805	tara_pacific_bongo	Amphorides
1806	tara_pacific_bongo	Neoceratium pentagonum
1807	tara_pacific_bongo	Neoceratium fusus<Neoceratium
1808	tara_pacific_bongo	Neoceratium furca<Neoceratium
1809	tara_pacific_bongo	Neoceratium candelabrum
1810	tara_pacific_bongo	Phalacroma
1811	tara_pacific_bongo	Ornithocercus
1812	tara_pacific_bongo	Pyrophacus
1813	tara_pacific_bongo	Protoperidinium
1814	tara_pacific_bongo	Pyrocystaceae
1815	tara_pacific_bongo	Cyclopoida
1816	tara_pacific_bongo	Calanoida
1817	tara_pacific_bongo	Ornithocercus magnificus<Ornithocercus
1818	tara_pacific_bongo	Podolampas
1819	tara_pacific_bongo	Odontella sp.
1820	tara_pacific_bongo	Oncaeidae
1821	tara_pacific_bongo	Corycaeidae
1822	tara_pacific_bongo	duplicate
1823	tara_pacific_bongo	detritus<not-living
1824	tara_pacific_bongo	larvae<Annelida
1825	tara_pacific_bongo	artefact
1826	tara_pacific_bongo	centric
1827	tara_pacific_bongo	pennate<Bacillariophyta
1828	tara_pacific_bongo	other<Biota
1829	tara_pacific_bongo	t001
1830	tara_pacific_bongo	t002
1831	tara_pacific_bongo	t003
1832	tara_pacific_bongo	t004
1833	tara_pacific_bongo	t005
1834	tara_pacific_bongo	t006
1835	tara_pacific_bongo	t007
1836	tara_pacific_bongo	t008
1837	tara_pacific_bongo	feces
1838	tara_pacific_bongo	dark<detritus
1839	tara_pacific_bongo	light<detritus
1840	tara_pacific_bongo	bubble
1841	tara_pacific_bongo	badfocus<artefact
1842	tara_pacific_bongo	part<other
1843	tara_pacific_bongo	othertocheck
1844	tara_pacific_bongo	fiber<detritus
1845	tara_pacific_bongo	egg<other
1846	tara_pacific_bongo	multiple<other
1847	tara_pacific_bongo	part<Crustacea
1848	tara_pacific_bongo	nauplii<Crustacea
1849	tara_pacific_bongo	t010
1850	tara_pacific_bongo	veliger<Mollusca
1851	tara_pacific_bongo	t011
1852	tara_pacific_bongo	t012
1853	tara_pacific_bongo	t013
1854	tara_pacific_bongo	t014
1855	tara_pacific_bongo	t015
1856	tara_pacific_bongo	t016
1857	tara_pacific_bongo	t017
1858	tara_pacific_bongo	chainthin
1859	tara_pacific_bongo	chainlarge
1860	tara_pacific_bongo	spines<Acantharia
1861	tara_pacific_bongo	Amphitetras
1862	tara_pacific_bongo	Oxytoxum
1863	tara_pacific_bongo	part<Copepoda
1864	tara_pacific_bongo	Coscinodiscophycidae
1865	tara_pacific_bongo	Asterolamprales
1866	tara_pacific_bongo	Hemidiscus cuneiformis
1867	tara_pacific_bongo	Cladopyxis quadrispina
1868	tara_pacific_bongo	Ornithocercus steinii
1869	tara_pacific_bongo	Rhizosolenia inter. Richelia
1870	tara_pacific_bongo	Chaetoceros inter. Calothrix
1871	tara_pacific_bongo	Poroecus
1872	tara_pacific_bongo	multiple<Diatoma
1873	tara_pacific_bongo	Cladopyxis
1874	tara_pacific_bongo	Richelia
1875	tara_pacific_bongo	Rhabdonellopsis
1876	tara_pacific_bongo	larvae<Echinodermata
1877	tara_pacific_bongo	Thalassionematales
1878	tara_pacific_bongo	trochozoa
1879	tara_pacific_bongo	crumple sphere
1880	tara_pacific_bongo	egg sac<egg
1881	tara_pacific_bongo	larvae<Polychaeta
1882	tara_pacific_bongo	rhizosolenia inter richelia tmp i
1883	tara_pacific_bongo	rhizosolenia tmp i
1884	tara_pacific_bongo	lightrods<rods
1885	tara_pacific_bongo	darkrods<rods
1886	tara_pacific_bongo	trochophore
1887	tara_pacific_bongo	Chaetoceros inter ciliate
1888	tara_pacific_bongo	part<Ciliophora
1889	tara_pacific_bongo	spines<Rhizaria
1890	tara_pacific_bongo	larvae<Biota
1891	tara_pacific_bongo	aggregates
1892	tara_pacific_bongo	part diatom
1893	tara_pacific_bongo	Hemidiscus
1894	tara_pacific_bongo	lightrods<othertocheck
1895	tara_pacific_decknet	Rhizaria
1896	tara_pacific_decknet	Cyanobacteria<Proteobacteria
1897	tara_pacific_decknet	Retaria
1898	tara_pacific_decknet	Ciliophora
1899	tara_pacific_decknet	UCYNA like
1900	tara_pacific_decknet	Rotifera
1901	tara_pacific_decknet	Foraminifera
1902	tara_pacific_decknet	Dictyochophyceae<Ochrophyta
1903	tara_pacific_decknet	Dinophyceae
1904	tara_pacific_decknet	Pterosperma
1905	tara_pacific_decknet	Tunicata
1906	tara_pacific_decknet	Spumellaria
1907	tara_pacific_decknet	Nassellaria<Polycystina
1908	tara_pacific_decknet	Gymnodiniales
1909	tara_pacific_decknet	Gonyaulacales
1910	tara_pacific_decknet	Bacillariophyceae
1911	tara_pacific_decknet	Rhizosolenids
1912	tara_pacific_decknet	Coscinodiscids
1913	tara_pacific_decknet	Zoothamniidae
1914	tara_pacific_decknet	Xystonellidae
1915	tara_pacific_decknet	Undellidae
1916	tara_pacific_decknet	Tintinnina<Choreotrichida
1917	tara_pacific_decknet	Codonellidae
1918	tara_pacific_decknet	Neoceratium
1919	tara_pacific_decknet	Copepoda<Multicrustacea
1920	tara_pacific_decknet	Nitzschia
1921	tara_pacific_decknet	Fragilariopsis
1922	tara_pacific_decknet	Asterionellopsis
1923	tara_pacific_decknet	Bacteriastrum<Chaetocerotaceae
1924	tara_pacific_decknet	Planktoniella
1925	tara_pacific_decknet	Hemiaulus
1926	tara_pacific_decknet	Helicotheca
1927	tara_pacific_decknet	Eucampia
1928	tara_pacific_decknet	Ditylum
1929	tara_pacific_decknet	Chaetoceros<Chaetocerotaceae
1930	tara_pacific_decknet	Corethron
1931	tara_pacific_decknet	Guinardia
1932	tara_pacific_decknet	Dactyliosolen
1933	tara_pacific_decknet	Lacrymaria
1934	tara_pacific_decknet	Epiplocylis
1935	tara_pacific_decknet	Cyttarocylis
1936	tara_pacific_decknet	Dictyocysta
1937	tara_pacific_decknet	Codonaria
1938	tara_pacific_decknet	Metacylis
1939	tara_pacific_decknet	Rhabdonella
1940	tara_pacific_decknet	Steenstrupiella
1941	tara_pacific_decknet	Salpingella<Tintinnidae
1942	tara_pacific_decknet	Eutintinnus
1943	tara_pacific_decknet	Codonellopsis<Tintinnidiidae
1944	tara_pacific_decknet	Amphorides
1945	tara_pacific_decknet	Dadayiella
1946	tara_pacific_decknet	Neoceratium pentagonum
1947	tara_pacific_decknet	Tripos limulus<Tripos
1948	tara_pacific_decknet	Neoceratium fusus<Neoceratium
1949	tara_pacific_decknet	Neoceratium furca<Neoceratium
1950	tara_pacific_decknet	Neoceratium candelabrum
1951	tara_pacific_decknet	Amphisolenia
1952	tara_pacific_decknet	Phalacroma
1953	tara_pacific_decknet	Ornithocercus
1954	tara_pacific_decknet	Dinophysis
1955	tara_pacific_decknet	Ceratocorys
1956	tara_pacific_decknet	Pyrophacus
1957	tara_pacific_decknet	Protoperidinium
1958	tara_pacific_decknet	Pyrocystaceae
1959	tara_pacific_decknet	Amphibelone
1960	tara_pacific_decknet	Chaetoceros peruvianus
1961	tara_pacific_decknet	Planktoniella sol
1962	tara_pacific_decknet	Codonellopsis orthoceras
1963	tara_pacific_decknet	Ornithocercus quadratus<Ornithocercus
1964	tara_pacific_decknet	Ornithocercus magnificus<Ornithocercus
1965	tara_pacific_decknet	Ornithocercus heteroporus
1966	tara_pacific_decknet	Podolampas
1967	tara_pacific_decknet	duplicate
1968	tara_pacific_decknet	detritus<not-living
1969	tara_pacific_decknet	larvae<Annelida
1970	tara_pacific_decknet	tail<Appendicularia
1971	tara_pacific_decknet	artefact
1972	tara_pacific_decknet	pennate<Bacillariophyta
1973	tara_pacific_decknet	t001
1974	tara_pacific_decknet	t002
1975	tara_pacific_decknet	t003
1976	tara_pacific_decknet	t004
1977	tara_pacific_decknet	dark<detritus
1978	tara_pacific_decknet	light<detritus
1979	tara_pacific_decknet	bubble
1980	tara_pacific_decknet	badfocus<artefact
1981	tara_pacific_decknet	othertocheck
1982	tara_pacific_decknet	fiber<detritus
1983	tara_pacific_decknet	egg<other
1984	tara_pacific_decknet	multiple<other
1985	tara_pacific_decknet	pollen
1986	tara_pacific_decknet	cyst<unicellular
1987	tara_pacific_decknet	part<Crustacea
1988	tara_pacific_decknet	nauplii<Crustacea
1989	tara_pacific_decknet	Appendicularia<Tunicata
1990	tara_pacific_decknet	veliger<Mollusca
1991	tara_pacific_decknet	Pseudo-Nitzschia chain
1992	tara_pacific_decknet	dark<sphere
1993	tara_pacific_decknet	chainthin
1994	tara_pacific_decknet	chainlarge
1995	tara_pacific_decknet	spines<Acantharia
1996	tara_pacific_decknet	Oxytoxum
1997	tara_pacific_decknet	Asterolamprales
1998	tara_pacific_decknet	Chaetoceros protuberans
1999	tara_pacific_decknet	Climacodium
2000	tara_pacific_decknet	Hemidiscus cuneiformis
2001	tara_pacific_decknet	Cladopyxis quadrispina
2002	tara_pacific_decknet	Ornithocercus steinii
2003	tara_pacific_decknet	Rhizosolenia inter. Richelia
2004	tara_pacific_decknet	Climacodium inter. Crocosphaera
2005	tara_pacific_decknet	Poroecus
2006	tara_pacific_decknet	multiple<Diatoma
2007	tara_pacific_decknet	Cladopyxis
2008	tara_pacific_decknet	Richelia
2009	tara_pacific_decknet	Rhabdonellopsis
2010	tara_pacific_decknet	Thalassionematales
2011	tara_pacific_decknet	trochozoa
2012	tara_pacific_decknet	crumple sphere
2013	tara_pacific_decknet	egg sac<egg
2014	tara_pacific_decknet	cyano a
2015	tara_pacific_decknet	cyano b
2016	tara_pacific_decknet	Neoceratium geniculatum
2017	tara_pacific_decknet	Acantharia
2018	tara_pacific_decknet	Amplectella
2019	tara_pacific_decknet	light<sphere
2020	tara_pacific_decknet	part<Ciliophora
2021	tara_pacific_decknet	attached
2022	tara_pacific_decknet	polar view
2023	tara_pacific_decknet	lightrods<othertocheck
2024	tara_pacific_decknet	darkrods<othertocheck
2025	tara_pacific_decknet	othersphere
2026	tara_pacific_decknet	Bacillariaceae
2027	tara_pacific_hsn	Harosa
2028	tara_pacific_hsn	Cyanobacteria<Negibacteria
2029	tara_pacific_hsn	Mollusca
2030	tara_pacific_hsn	Echinodermata
2031	tara_pacific_hsn	Chaetognatha<Animalia
2032	tara_pacific_hsn	Bryozoa
2033	tara_pacific_hsn	Annelida
2034	tara_pacific_hsn	Foraminifera
2035	tara_pacific_hsn	Crustacea
2036	tara_pacific_hsn	Scyphozoa
2037	tara_pacific_hsn	Hydrozoa
2038	tara_pacific_hsn	Ophiuroidea
2039	tara_pacific_hsn	Cephalopoda
2040	tara_pacific_hsn	Bivalvia<Mollusca
2041	tara_pacific_hsn	Spumellaria
2042	tara_pacific_hsn	Collodaria
2043	tara_pacific_hsn	Insecta
2044	tara_pacific_hsn	Nudibranchia
2045	tara_pacific_hsn	Eumalacostraca
2046	tara_pacific_hsn	Oikopleuridae
2047	tara_pacific_hsn	Salpida
2048	tara_pacific_hsn	Doliolida
2049	tara_pacific_hsn	Siphonophorae
2050	tara_pacific_hsn	Gymnosomata
2051	tara_pacific_hsn	Cavoliniidae
2052	tara_pacific_hsn	Limacinidae
2053	tara_pacific_hsn	Creseidae
2054	tara_pacific_hsn	Ostracoda
2055	tara_pacific_hsn	Pyrocystaceae
2056	tara_pacific_hsn	Euphausiacea
2057	tara_pacific_hsn	Isopoda
2058	tara_pacific_hsn	Amphipoda
2059	tara_pacific_hsn	Siphonostomatoida
2060	tara_pacific_hsn	Monstrilloida
2061	tara_pacific_hsn	Harpacticoida
2062	tara_pacific_hsn	Calanoida
2063	tara_pacific_hsn	Cirripedia
2064	tara_pacific_hsn	Physonectae
2065	tara_pacific_hsn	Orbulina
2066	tara_pacific_hsn	Diacria
2067	tara_pacific_hsn	Actinopterygii
2068	tara_pacific_hsn	Temoridae
2069	tara_pacific_hsn	Rhincalanidae
2070	tara_pacific_hsn	Pontellidae
2071	tara_pacific_hsn	Metridinidae
2072	tara_pacific_hsn	Heterorhabdidae
2073	tara_pacific_hsn	Euchaetidae
2074	tara_pacific_hsn	Eucalanidae
2075	tara_pacific_hsn	Centropagidae
2076	tara_pacific_hsn	Candaciidae
2077	tara_pacific_hsn	Calanidae
2078	tara_pacific_hsn	Acartiidae
2079	tara_pacific_hsn	Oithonidae
2080	tara_pacific_hsn	Velella
2081	tara_pacific_hsn	Porpita
2082	tara_pacific_hsn	Diphyidae
2083	tara_pacific_hsn	Cavolinia inflexa
2084	tara_pacific_hsn	Creseis virgula
2085	tara_pacific_hsn	Creseis acicula
2086	tara_pacific_hsn	Hyperiidea
2087	tara_pacific_hsn	Gammaridea
2088	tara_pacific_hsn	Sapphirinidae
2089	tara_pacific_hsn	Oncaeidae
2090	tara_pacific_hsn	Corycaeidae
2091	tara_pacific_hsn	Brachyura
2092	tara_pacific_hsn	Podon
2093	tara_pacific_hsn	Evadne
2094	tara_pacific_hsn	Copilia
2095	tara_pacific_hsn	Spirorbis
2096	tara_pacific_hsn	Phronimidae
2097	tara_pacific_hsn	Calocalanus pavo
2098	tara_pacific_hsn	Pontellina plumata
2099	tara_pacific_hsn	Abylopsis tetragona
2100	tara_pacific_hsn	Laomediidae
2101	tara_pacific_hsn	Caprellidae
2102	tara_pacific_hsn	detritus<not-living
2103	tara_pacific_hsn	larvae<Annelida
2104	tara_pacific_hsn	part<Annelida
2105	tara_pacific_hsn	cyphonautes
2106	tara_pacific_hsn	tail<Chaetognatha
2107	tara_pacific_hsn	part<Cnidaria
2108	tara_pacific_hsn	nectophore<Abylopsis tetragona
2109	tara_pacific_hsn	eudoxid<Abylopsis tetragona
2110	tara_pacific_hsn	nectophore<Diphyidae
2111	tara_pacific_hsn	eudoxid<Diphyidae
2112	tara_pacific_hsn	nectophore<Hippopodiidae
2113	tara_pacific_hsn	nectophore<Physonectae
2114	tara_pacific_hsn	metanauplii<Crustacea
2115	tara_pacific_hsn	phyllosoma
2116	tara_pacific_hsn	megalopa<Brachyura
2117	tara_pacific_hsn	calyptopsis
2118	tara_pacific_hsn	protozoea<Sergestidae
2119	tara_pacific_hsn	larvae<Squillidae
2120	tara_pacific_hsn	nauplii<Cirripedia
2121	tara_pacific_hsn	cypris<Cirripedia
2122	tara_pacific_hsn	pluteus<Ophiuroidea
2123	tara_pacific_hsn	pluteus<Echinoidea
2124	tara_pacific_hsn	part<Mollusca
2125	tara_pacific_hsn	tail<Appendicularia
2126	tara_pacific_hsn	juvenile<Salpida
2127	tara_pacific_hsn	wing
2128	tara_pacific_hsn	artefact
2129	tara_pacific_hsn	t002
2130	tara_pacific_hsn	t003
2131	tara_pacific_hsn	t004
2132	tara_pacific_hsn	larvae<Porpitidae
2133	tara_pacific_hsn	multiple<Copepoda
2134	tara_pacific_hsn	dark<detritus
2135	tara_pacific_hsn	bubble
2136	tara_pacific_hsn	badfocus<artefact
2137	tara_pacific_hsn	seaweed
2138	tara_pacific_hsn	othertocheck
2139	tara_pacific_hsn	gelatinous
2140	tara_pacific_hsn	fiber<detritus
2141	tara_pacific_hsn	egg<other
2142	tara_pacific_hsn	multiple<other
2143	tara_pacific_hsn	part<Crustacea
2144	tara_pacific_hsn	nauplii<Crustacea
2145	tara_pacific_hsn	egg<Actinopterygii
2146	tara_pacific_hsn	scale
2147	tara_pacific_hsn	Appendicularia<Tunicata
2148	tara_pacific_hsn	gonophore<Abylidae
2149	tara_pacific_hsn	veliger<Mollusca
2150	tara_pacific_hsn	gonophore<Diphyidae
2151	tara_pacific_hsn	part<Ctenophora
2152	tara_pacific_hsn	dark<sphere
2153	tara_pacific_hsn	gonophore<Abylopsis tetragona
2154	tara_pacific_hsn	part<Siphonophorae
2155	tara_pacific_hsn	cirrus
2156	tara_pacific_hsn	badfocus<Copepoda
2157	tara_pacific_hsn	head<Chaetognatha
2158	tara_pacific_hsn	part<Copepoda
2159	tara_pacific_hsn	nectophore<Bassia bassensis
2160	tara_pacific_hsn	trunk<Appendicularia
2161	tara_pacific_hsn	Pterotrachea
2162	tara_pacific_hsn	Halobates
2163	tara_pacific_hsn	Atlanta
2164	tara_pacific_hsn	bract<Diphyidae
2165	tara_pacific_hsn	bract<Abylopsis tetragona
2166	tara_pacific_hsn	bract<Abylidae
2167	tara_pacific_hsn	part<Thaliacea
2168	tara_pacific_hsn	nucleus<Salpidae
2169	tara_pacific_hsn	larvae<Porcellanidae
2170	tara_pacific_hsn	zoea<Brachyura<Pleocyemata<Decapoda
2171	tara_pacific_hsn	nectophore<Abylidae
2172	tara_pacific_hsn	multiple<Pyrocystaceae
2173	tara_pacific_hsn	polype<Leptothecata
2174	tara_pacific_hsn	polype<Anthozoa
2175	tara_pacific_hsn	egg sac<egg
2176	tara_pacific_hsn	bract<Bassia bassensis
2177	tara_pacific_hsn	empty<Ostracoda
2178	tara_pacific_hsn	Lubbockia
2179	tara_pacific_hsn	Globorotalidae
2180	tara_pacific_hsn	part<Actinopterygii
2181	tara_pacific_hsn	Acantharia
2182	tara_pacific_hsn	borax
2183	tara_pacific_hsn	damaged<Copepoda
2184	tara_pacific_hsn	echinopluteus
2185	tara_pacific_hsn	ophiopluteus
2186	tara_pacific_manta	Harosa
2187	tara_pacific_manta	Mollusca
2188	tara_pacific_manta	Ctenophora<Animalia
2189	tara_pacific_manta	Cnidaria<Animalia
2190	tara_pacific_manta	Chaetognatha<Animalia
2191	tara_pacific_manta	Bryozoa
2192	tara_pacific_manta	Annelida
2193	tara_pacific_manta	Foraminifera
2194	tara_pacific_manta	Hydrozoa
2195	tara_pacific_manta	Cephalopoda
2196	tara_pacific_manta	Bivalvia<Mollusca
2197	tara_pacific_manta	Spumellaria
2198	tara_pacific_manta	Insecta
2199	tara_pacific_manta	Nudibranchia
2200	tara_pacific_manta	Neoceratium
2201	tara_pacific_manta	Tomopteridae
2202	tara_pacific_manta	Alciopini
2203	tara_pacific_manta	Eumalacostraca
2204	tara_pacific_manta	Copepoda<Multicrustacea
2205	tara_pacific_manta	Fritillariidae
2206	tara_pacific_manta	Oikopleuridae
2207	tara_pacific_manta	Salpida
2208	tara_pacific_manta	Pyrosomatida
2209	tara_pacific_manta	Doliolida
2210	tara_pacific_manta	Gymnosomata
2211	tara_pacific_manta	Cavoliniidae
2212	tara_pacific_manta	Limacinidae
2213	tara_pacific_manta	Creseidae
2214	tara_pacific_manta	Diatoma
2215	tara_pacific_manta	Ostracoda
2216	tara_pacific_manta	Pyrocystaceae
2217	tara_pacific_manta	Amphipoda
2218	tara_pacific_manta	Harpacticoida
2219	tara_pacific_manta	Calanoida
2220	tara_pacific_manta	Gerridae
2221	tara_pacific_manta	Branchiostoma lanceolatum
2222	tara_pacific_manta	Orbulina
2223	tara_pacific_manta	Diacavolinia
2224	tara_pacific_manta	Actinopterygii
2225	tara_pacific_manta	Terebellidae
2226	tara_pacific_manta	Temoridae
2227	tara_pacific_manta	Pontellidae
2228	tara_pacific_manta	Metridinidae
2229	tara_pacific_manta	Euchaetidae
2230	tara_pacific_manta	Eucalanidae
2231	tara_pacific_manta	Centropagidae
2232	tara_pacific_manta	Candaciidae
2233	tara_pacific_manta	Calanidae
2234	tara_pacific_manta	Acartiidae
2235	tara_pacific_manta	Oithonidae
2236	tara_pacific_manta	Velella
2237	tara_pacific_manta	Aglaura
2238	tara_pacific_manta	Creseis virgula
2239	tara_pacific_manta	Creseis acicula
2240	tara_pacific_manta	Diacria trispinosa
2241	tara_pacific_manta	Hyperiidea
2242	tara_pacific_manta	Gammaridea
2243	tara_pacific_manta	Sapphirinidae
2244	tara_pacific_manta	Oncaeidae
2245	tara_pacific_manta	Corycaeidae
2246	tara_pacific_manta	Haloptilus
2247	tara_pacific_manta	Porpita porpita
2248	tara_pacific_manta	Chelophyes
2249	tara_pacific_manta	Physalia
2250	tara_pacific_manta	Rhopalonema velatum
2251	tara_pacific_manta	Brachyura
2252	tara_pacific_manta	Evadne
2253	tara_pacific_manta	Copilia
2254	tara_pacific_manta	Spirorbis
2255	tara_pacific_manta	Oxycephalidae
2256	tara_pacific_manta	Calocalanus pavo
2257	tara_pacific_manta	Pontellina plumata
2258	tara_pacific_manta	Phronima
2259	tara_pacific_manta	detritus<not-living
2260	tara_pacific_manta	larvae<Annelida
2261	tara_pacific_manta	part<Annelida
2262	tara_pacific_manta	cyphonautes
2263	tara_pacific_manta	tail<Chaetognatha
2264	tara_pacific_manta	part<Cnidaria
2265	tara_pacific_manta	nectophore<Abylopsis tetragona
2266	tara_pacific_manta	eudoxid<Abylopsis tetragona
2267	tara_pacific_manta	nectophore<Diphyidae
2268	tara_pacific_manta	eudoxid<Diphyidae
2269	tara_pacific_manta	nectophore<Hippopodiidae
2270	tara_pacific_manta	nectophore<Physonectae
2271	tara_pacific_manta	metanauplii<Crustacea
2272	tara_pacific_manta	protozoea<Penaeidae
2273	tara_pacific_manta	zoea<Galatheidae
2274	tara_pacific_manta	megalopa<Brachyura
2275	tara_pacific_manta	like<Laomediidae
2276	tara_pacific_manta	calyptopsis
2277	tara_pacific_manta	protozoea<Sergestidae
2278	tara_pacific_manta	protozoea<Mysida
2279	tara_pacific_manta	larvae<Squillidae
2280	tara_pacific_manta	nauplii<Cirripedia
2281	tara_pacific_manta	cypris<Cirripedia
2282	tara_pacific_manta	pluteus<Ophiuroidea
2283	tara_pacific_manta	pluteus<Echinoidea
2284	tara_pacific_manta	part<Mollusca
2285	tara_pacific_manta	tail<Appendicularia
2286	tara_pacific_manta	juvenile<Salpida
2287	tara_pacific_manta	chain<Salpida
2288	tara_pacific_manta	wing
2289	tara_pacific_manta	artefact
2290	tara_pacific_manta	other<Biota
2291	tara_pacific_manta	t002
2292	tara_pacific_manta	t003
2293	tara_pacific_manta	t004
2294	tara_pacific_manta	t005
2295	tara_pacific_manta	t007
2296	tara_pacific_manta	t008
2297	tara_pacific_manta	larvae<Porpitidae
2298	tara_pacific_manta	multiple<Copepoda
2299	tara_pacific_manta	dark<detritus
2300	tara_pacific_manta	fiber<plastic
2301	tara_pacific_manta	other<plastic
2302	tara_pacific_manta	bubble
2303	tara_pacific_manta	badfocus<artefact
2304	tara_pacific_manta	seaweed
2305	tara_pacific_manta	part<other
2306	tara_pacific_manta	othertocheck
2307	tara_pacific_manta	filament<plastic
2308	tara_pacific_manta	film
2309	tara_pacific_manta	fragment
2310	tara_pacific_manta	pellet
2311	tara_pacific_manta	multiple<plastic
2312	tara_pacific_manta	fiber<detritus
2313	tara_pacific_manta	egg<other
2314	tara_pacific_manta	multiple<other
2315	tara_pacific_manta	larvae<Crustacea
2316	tara_pacific_manta	part<Crustacea
2317	tara_pacific_manta	nauplii<Crustacea
2318	tara_pacific_manta	egg<Actinopterygii
2319	tara_pacific_manta	scale
2320	tara_pacific_manta	t010
2321	tara_pacific_manta	t012
2322	tara_pacific_manta	t013
2323	tara_pacific_manta	t014
2324	tara_pacific_manta	t015
2325	tara_pacific_manta	t016
2326	tara_pacific_manta	t017
2327	tara_pacific_manta	gonophore<Diphyidae
2328	tara_pacific_manta	part<Ctenophora
2329	tara_pacific_manta	ephyra<Scyphozoa
2330	tara_pacific_manta	egg<Mollusca
2331	tara_pacific_manta	gonophore<Abylopsis tetragona
2332	tara_pacific_manta	part<Siphonophorae
2333	tara_pacific_manta	cirrus
2334	tara_pacific_manta	badfocus<Copepoda
2335	tara_pacific_manta	head<Chaetognatha
2336	tara_pacific_manta	part<Copepoda
2337	tara_pacific_manta	polystyrene
2338	tara_pacific_manta	gonophore<Bassia bassensis
2339	tara_pacific_manta	nectophore<Bassia bassensis
2340	tara_pacific_manta	trunk<Appendicularia
2341	tara_pacific_manta	Pterotrachea
2342	tara_pacific_manta	Atlanta
2343	tara_pacific_manta	bract<Diphyidae
2344	tara_pacific_manta	bract<Abylopsis tetragona
2345	tara_pacific_manta	part<Thaliacea
2346	tara_pacific_manta	nucleus<Salpidae
2347	tara_pacific_manta	larvae<Porcellanidae
2348	tara_pacific_manta	zoea<Brachyura<Pleocyemata<Decapoda
2349	tara_pacific_manta	polype<Leptothecata
2350	tara_pacific_manta	polype<Anthozoa
2351	tara_pacific_manta	Miraciidae
2352	tara_pacific_manta	bract<Bassia bassensis
2353	tara_pacific_manta	nectophore<Eudoxoides spiralis
2354	tara_pacific_manta	eudoxid<Eudoxoides spiralis
2355	tara_pacific_manta	gonophore<Eudoxoides spiralis
2356	tara_pacific_manta	Lubbockia
2357	tara_pacific_manta	damaged<Copepoda
