datasetID	verbatimIdentification	taxonID	concept	root_class	qualifier	plankton	status	method	donor	identifiedBy	dateIdentified	identificationReferences	confidence	remarks
zoocamnet	Acartiidae	pzt:000154	acartiidae	living	full_body	true	accepted							
zoocamnet	Actinopterygii	pzt:000312	chordata	living	full_body	true	accepted							
zoocamnet	Amphipoda	pzt:000263	amphipoda	living	full_body	true	accepted							
zoocamnet	Annelida	pzt:000045	annelida	living	full_body	true	accepted							
zoocamnet	Appendicularia	pzt:000313	appendicularia	living	full_body	true	accepted							
zoocamnet	Bivalvia	pzt:000439	bivalvia	living	full_body	true	accepted							
zoocamnet	Calanidae	pzt:000157	calanidae	living	full_body	true	accepted							
zoocamnet	Calanoida	pzt:000153	calanoida	living	full_body	true	accepted							
zoocamnet	Calocalanus	pzt:000192	calocalanus	living	full_body	true	accepted							
zoocamnet	Candaciidae	pzt:000158	candaciidae	living	full_body	true	accepted							
zoocamnet	Cavoliniidae	pzt:000451	cavoliniidae	living	full_body	true	accepted							
zoocamnet	Centropagidae	pzt:000159	centropagidae	living	full_body	true	accepted							
zoocamnet	Chaetognatha	pzt:000304	chaetognatha	living	full_body	true	accepted							
zoocamnet	Ciripedia	pzt:000300	thecostraca	living	full_body	true	accepted							
zoocamnet	Cladocera	pzt:000442	cladoceramus	living	full_body	true	accepted							
zoocamnet	Cnidaria	pzt:000346	cnidaria	living	full_body	true	accepted							
zoocamnet	Copepoda	pzt:000152	copepoda	living	full_body	true	accepted							
zoocamnet	Corycaeidae	pzt:000203	corycaeidae	living	full_body	true	accepted							
zoocamnet	Ctenophora	pzt:000949	ctenophora	living	full_body	true	accepted							
zoocamnet	Cyclopoida	pzt:000202	cyclopoida	living	full_body	true	accepted							
zoocamnet	Decapoda	pzt:000273	decapoda	living	full_body	true	accepted							
zoocamnet	Diatoma	pzt:000950	diatoma	living	full_body	true	accepted							
zoocamnet	Diatoma tenuis	pzt:000951	diatoma tenuis	living	full_body	true	accepted							
zoocamnet	Doliolida	pzt:000340	doliolida	living	full_body	true	accepted							
zoocamnet	Euchaeta	pzt:000186	euchaeta	living	full_body	true	accepted							
zoocamnet	Euterpina	pzt:000237	euterpina	living	full_body	true	accepted							
zoocamnet	Evadne	pzt:000150	evadne	living	full_body	true	accepted							
zoocamnet	Gastropoda	pzt:000444	gastropoda	living	full_body	true	accepted							
zoocamnet	Halosphaera	pzt:001310	halosphaera	living	full_body	true	accepted							
zoocamnet	Harpacticoida	pzt:000232	harpacticoida	living	full_body	true	accepted							
zoocamnet	Hydrozoa	pzt:000352	hydrozoa	living	full_body	true	accepted							
zoocamnet	Isias	pzt:000161	isias	living	full_body	true	accepted							
zoocamnet	Limacinidae	pzt:000467	limacinidae	living	full_body	true	accepted							
zoocamnet	Luidiidae	pzt:000431	luidiidae	living	full_body	true	accepted							
zoocamnet	Metrinidae	pzt:000188	metridinidae	living	full_body	true	accepted							
zoocamnet	Microstella	pzt:000472	microstellaria	living	full_body	true	accepted							
zoocamnet	Nannosquillidae	pzt:000294	nannosquillidae	living	full_body	true	accepted							
zoocamnet	Neoceratium	pzt:001094	neoceratium	living	full_body	true	accepted							
zoocamnet	Noctiluca	pzt:001183	noctiluca	living	full_body	true	accepted							
zoocamnet	Obelia	pzt:000367	obelia	living	full_body	true	accepted							
zoocamnet	Oncaea	pzt:000229	oncaea	living	full_body	true	accepted							
zoocamnet	Penilia	pzt:000097	penilia	living	full_body	true	accepted							
zoocamnet	Phoronida	pzt:000479	phoronida	living	full_body	true	accepted							
zoocamnet	Physonectae	pzt:000381	siphonophorae	living	full_body	true	accepted							
zoocamnet	Podon	pzt:000151	podon	living	full_body	true	accepted							
zoocamnet	Poecilostomatoida	pzt:000202	cyclopoida	living	full_body	true	accepted							
zoocamnet	Pontellidae	pzt:000194	pontellidae	living	full_body	true	accepted							
zoocamnet	Porcellanidae	pzt:000280	porcellanidae	living	full_body	true	accepted							
zoocamnet	Rhizaria	pzt:000675	chromista	living	full_body	true	accepted							
zoocamnet	Rhizosolenids	pzt:001021	rhizosolenia	living	full_body	true	accepted							
zoocamnet	Temoridae	pzt:000198	temoridae	living	full_body	true	accepted							
zoocamnet	Thalassionema	pzt:001033	thalassionema	living	full_body	true	accepted							
zoocamnet	Thaliacea	pzt:000339	thaliacea	living	full_body	true	accepted							
zoocamnet	Trichodesmium	pzt:000671	trichodesmium	living	full_body	true	accepted							
zoocamnet	artefact	pzt:000002	artefact	artefact	unqualified	false	accepted							
zoocamnet	bract_Diphyidae	pzt:000387	diphyidae	living	full_body	true	accepted							
zoocamnet	bubble	pzt:000005	bubble	artefact	unqualified	false	accepted							
zoocamnet	chainlarge	pzt:000950	diatoma	living	full_body	true	accepted							
zoocamnet	comb_Ctenophora	pzt:000949	ctenophora	living	full_body	true	accepted							
zoocamnet	cyphonaute	pzt:000303	bryozoa	living	full_body	true	accepted							
zoocamnet	detritus	pzt:000008	detritus	detritus	unqualified	false	accepted							
zoocamnet	egg_Actinopterygii	pzt:000312	chordata	living	egg	true	accepted							
zoocamnet	egg_Engraudilae	pzt:000334	clupeiformes	living	egg	true	accepted							
zoocamnet	egg_Mollusca	pzt:000438	mollusca	living	egg	true	accepted							
zoocamnet	egg_Sardina	pzt:000334	clupeiformes	living	egg	false	accepted							
zoocamnet	egg_other	pzt:000010	egg	living	egg	false	accepted							
zoocamnet	empty_Copepoda	pzt:000152	copepoda	living	full_body	true	accepted							
zoocamnet	empty_Harpacticoida	pzt:000232	harpacticoida	living	full_body	true	accepted							
zoocamnet	eudoxie_Diphyidae	pzt:000387	diphyidae	living	full_body	true	accepted							
zoocamnet	feces	pzt:000013	feces	detritus	unqualified	false	accepted							
zoocamnet	fiber_detritus	pzt:000014	fiber	detritus	unqualified	false	accepted							
zoocamnet	fiber_plastic	pzt:000028	plastic fiber	inert	unqualified	false	accepted							
zoocamnet	gelatinous	pzt:000024	other	artefact	unqualified	false	accepted							
zoocamnet	gonophore_Diphyidae	pzt:000387	diphyidae	living	full_body	true	accepted							
zoocamnet	larvae_Annelida	pzt:000045	annelida	living	larvae	true	accepted							
zoocamnet	larvae_Crustacea	pzt:000062	arthropoda	living	larvae	true	accepted							
zoocamnet	larvae_Echinodermata	pzt:000428	echinodermata	living	larvae	true	accepted							
zoocamnet	light_detritus	pzt:000008	detritus	detritus	unqualified	false	accepted							
zoocamnet	medium_detritus	pzt:000008	detritus	detritus	unqualified	false	accepted							
zoocamnet	megalopa	pzt:000273	decapoda	living	full_body	true	accepted							
zoocamnet	multiple_Copepoda	pzt:000152	copepoda	living	mix	true	accepted							
zoocamnet	nauplii_Crustacea	pzt:000062	arthropoda	living	full_body	true	accepted							
zoocamnet	nectophore_Diphyidae	pzt:000387	diphyidae	living	full_body	true	accepted							
zoocamnet	other_Crustacea	pzt:000062	arthropoda	living	full_body	true	accepted							
zoocamnet	other_Siphonophorae	pzt:000381	siphonophorae	living	full_body	true	accepted							
zoocamnet	other_living	pzt:000024	other	living	full_body	false	accepted							
zoocamnet	other_plastic	pzt:000025	other plastic	inert	unqualified	false	accepted							
zoocamnet	part_Crustacea	pzt:000062	arthropoda	detritus	part	false	accepted							
zoocamnet	pluteus_Echinodermata	pzt:000428	echinodermata	living	full_body	true	accepted							
zoocamnet	shrimp_like	pzt:000262	malacostraca	living	like	true	accepted							
zoocamnet	tail_Appendicularia	pzt:000313	appendicularia	detritus	part_tail	false	accepted							
zoocamnet	veliger	pzt:000438	mollusca	living	full_body	true	accepted							
zoocamnet	zoea_brachyura	pzt:000273	decapoda	living	full_body	true	accepted							
